Food id	Food	Verified Subsititions	Food substitutions	Similar Food
usda#09229	Papaya nectar, canned	['Peach nectar, canned, with sucralose', 'Apples, canned, sweetened', 'Peaches, canned, light syrup pack', 'Cranberries, dried, sweetened ', 'Pears, canned, light syrup pack', 'Pomegranate juice, bottled', 'Blueberries, dried, sweetened', 'Pear nectar, canned, without added ascorbic acid', 'Pears, canned, heavy syrup', 'Pears, canned, juice pack', 'Plums, canned, heavy syrup', 'Peaches, canned, heavy syrup', 'Peaches, canned, heavy syrup pack', 'Pears, canned, heavy syrup pack', 'Peaches, canned, juice pack', 'Applesauce, canned, sweetened', 'Apple juice, canned or bottled, unsweetened', 'Fruit cocktail, canned, heavy syrup', 'Nance, canned, syrup']	['Oil, almond', 'SILK Peach soy yogurt', 'Ham, honey, smoked', 'Mango, dried, sweetened', 'Apple juice, frozen concentrate, unsweetened', 'Nance, canned, syrup']	['Pickles, cucumber, sweet ', 'Peach nectar, canned, with sucralose', 'Apples, canned, sweetened', 'Peaches, canned, light syrup pack', 'Cranberries, dried, sweetened ', 'Pears, canned, light syrup pack', 'Pomegranate juice, bottled', 'Blueberries, dried, sweetened', 'Pear nectar, canned, without added ascorbic acid', 'Pears, canned, heavy syrup', 'Pears, canned, juice pack', 'Cherries, tart, dried', 'Plums, canned, heavy syrup', 'Peaches, canned, heavy syrup', 'Ice cream sandwich, vanilla, light', 'Peaches, canned, heavy syrup pack', 'Pears, canned, heavy syrup pack', 'Peaches, canned, juice pack', 'Applesauce, canned, sweetened', 'Apple juice, canned or bottled, unsweetened', 'Milk dessert bar, frozen, made from lowfat milk', 'Fruit cocktail, canned']
usda#09206	Orange juice, raw	['Mangos, raw', 'Orange juice, chilled, includes from concentrate', 'Tangerine juice, raw', 'Tangerines, canned', 'Oranges, raw, all commercial varieties', 'Acerola juice, raw', 'Orange juice, frozen concentrate, unsweetened', 'Apple juice, frozen concentrate, unsweetened', 'Tangerines, raw', 'Lemon peel, raw', 'Pineapple, canned, juice pack', 'Orange juice, raw ', 'Lemon juice, raw', 'Lime juice, raw', 'Abiyuch, raw']	['Acerola juice, raw', 'Milk, filled, fluid', 'Orange juice, frozen concentrate, unsweetened', 'Vinegar, cider', 'Apple juice, frozen concentrate, unsweetened', 'Tangerines, raw', 'Milk, buttermilk, fluid', 'Chicken, canned, no broth', 'Sapote, mamey, raw', 'Lemon peel, raw', 'Pineapple, canned, juice pack', 'Orange juice, raw ', 'Lemon juice, raw', 'Vanilla extract', 'Water convolvulus,raw', 'Lime juice, raw', 'Abiyuch, raw']	['Onions, spring or scallions, raw', 'Cauliflower, raw', 'Mangos, raw', 'Corn, sweet, yellow', 'Orange juice, chilled, includes from concentrate', 'Tangerine juice, raw', 'Tangerines, canned', 'Oranges, raw, all commercial varieties']
usda#09008	Apples, canned, sweetened	['Peach nectar, canned, with sucralose', 'Pomegranate juice, bottled', 'Papaya nectar, canned', 'Cranberries, dried, sweetened ', 'Blueberries, dried, sweetened', 'Pears, canned, juice pack', 'Peaches, canned, light syrup pack', 'Pears, canned, light syrup pack', 'Pears, canned, heavy syrup', 'Pear nectar, canned, without added ascorbic acid', 'Peaches, canned, juice pack', 'Peaches, canned, heavy syrup', 'Apple juice, canned or bottled, unsweetened', 'Applesauce, canned, unsweetened', 'Peaches, canned, heavy syrup pack', 'Plums, canned, heavy syrup', 'Plums, canned, purple', 'Pears, canned, heavy syrup pack', 'Fruit cocktail, canned, heavy syrup', 'Peaches, yellow, raw', 'Blueberries, raw', 'Pears, raw']	['Celery, raw', 'Peaches, yellow, raw', 'Dates, medjool', 'Blueberries, raw', 'Milk, chocolate, fluid', 'Pears, raw', 'Rhubarb, raw', 'Bananas, raw']	['Pickles, cucumber, sweet ', 'Peach nectar, canned, with sucralose', 'Pomegranate juice, bottled', 'Papaya nectar, canned', 'Cranberries, dried, sweetened ', 'Blueberries, dried, sweetened', 'Pears, canned, juice pack', 'Peaches, canned, light syrup pack', 'Cherries, tart, dried', 'Pears, canned, light syrup pack', 'Pears, canned, heavy syrup', 'Ice cream sandwich, vanilla, light', 'Pear nectar, canned, without added ascorbic acid', 'Peaches, canned, juice pack', 'Peaches, canned, heavy syrup', 'Apple juice, canned or bottled, unsweetened', 'Applesauce, canned, unsweetened', 'Peaches, canned, heavy syrup pack', 'Plums, canned, heavy syrup', 'Milk dessert bar, frozen, made from lowfat milk', 'Plums, canned, purple', 'Pears, canned, heavy syrup pack', 'Fruit cocktail, canned']
usda#04529	Oil, almond	['Oil, sunflower, linoleic', 'Oil, cottonseed, salad or cooking', 'Oil, wheat germ', 'Oil, peanut, salad or cooking', 'Lard']	['Milk, dry, whole', 'SILK Coffee, soymilk', 'Potato flour', 'Wheat flour, whole-grain ', 'Vanilla extract', 'Milk, filled, fluid']	['Oil, sunflower, linoleic', 'Oil, cottonseed, salad or cooking', 'Fish, fish sticks, frozen', 'Nuts, almond paste', 'Oil, wheat germ', 'Oil, peanut, salad or cooking', 'Sauce, pasta, spaghetti/marinara', 'Lard', 'Ice cream, bar or stick, chocolate covered']
usda#07022	Frankfurter, beef, unheated	['Frankfurter, meat and poultry, unheated', 'Sausage, pork, chorizo', 'Pickle and pimiento loaf, pork', 'Pork sausage, link/patty, cooked', 'Mortadella, beef, pork', 'Sausage, smoked link sausage, pork']	['SILK Coffee, soymilk', 'Sauce, peppers, hot', 'Sausage, smoked link sausage, pork', 'Soup, beef broth, cubed']	['Oil, canola', 'Oil, peanut, salad or cooking', 'Oil, sesame, salad or cooking', 'Oil, corn, industrial and retail', 'Oil, olive, salad or cooking', 'Salad dressing, honey mustard, regular', 'Lard', 'Butter oil, anhydrous', 'Oil, coconut', 'Ice cream, bar or stick, chocolate covered', 'Shortening, vegetable, household', 'Oil, walnut', 'Frankfurter, meat and poultry, unheated', 'Salad dressing, sesame seed dressing, regular', 'Soup, chicken vegetable with potato and cheese, chunky', 'Ice cream, soft serve, chocolate', 'Salad dressing, poppyseed, creamy', 'Salad dressing, blue or roquefort cheese dressing, commercial', 'Sausage, pork, chorizo', 'Margarine-like, margarine-butter blend, soybean oil and butter', 'Salad dressing, french dressing, commercial', 'Pickle and pimiento loaf, pork', 'Pork sausage, link/patty, cooked', 'Mortadella, beef, pork']
usda#11300	Peas, edible-podded, raw	['Sauerkraut, canned, solids and liquids', 'Beans, shellie, canned', 'Lima beans, immature seeds, raw', 'Beans, kidney, red', 'Peas, edible-podded, raw', 'Mushrooms, shiitake, raw', 'Asparagus, raw', 'Egg, whole, raw', 'Poi', 'Peas, edible-podded, frozen', 'Beans, snap, green', 'Peas, green, frozen', 'Cheese, cottage, creamed']	['Potatoes, mashed, home-prepared', 'Grape leaves, raw', 'Beans, shellie, canned', 'Lima beans, immature seeds, raw', 'Peppers, sweet, yellow', 'Barley malt flour', 'Cabbage, raw', 'Milk, canned, condensed', 'Spices, nutmeg, ground', 'Barley, hulled', 'Beans, kidney, red', 'Spices, cinnamon, ground', 'Celery, raw', 'Apple juice, frozen concentrate, unsweetened', 'Broccoli, raw', 'Fat, chicken', 'Nance, canned, syrup', 'Capers, canned', 'Spices, pepper, red or cayenne', 'Corn grain, yellow', 'Salad dressing, russian dressing', 'Cream substitute, powdered', 'Peas, edible-podded, raw', 'Vanilla extract', 'Mushrooms, shiitake, raw', 'Asparagus, raw', 'Candied fruit', 'Applesauce, canned, unsweetened', 'Egg, whole, raw', 'Poi', 'Peas, edible-podded, frozen', 'Coriander leaves, raw', 'Basil, fresh', 'Beans, snap, green', 'Papaya nectar, canned', 'Sour cream, fat free', 'Oil, coconut', 'Wheat flour, whole-grain ', 'Spices, cardamom', 'Potatoes, hash brown, home-prepared', 'Kale, raw', 'Carrots, raw', 'Spices, pepper, black', 'Ham, honey, smoked', 'Spices, onion powder', 'Whey, sweet, fluid', 'Peas, green, frozen', 'Cheese, cottage, creamed', 'Corn pudding, home prepared']	['Sauerkraut, canned, solids and liquids', 'Mulberries, raw', 'Parsley, fresh']
usda#06931	Sauce, pasta, spaghetti/marinara	[]	['Quinoa, uncooked', 'Sauce, alfredo mix, dry', 'Pasta, dry, enriched', 'Chard, swiss, raw', 'Barley, hulled', 'Potatoes, hash brown, home-prepared']	['Oil, wheat germ', 'Nuts, almond paste', 'Fish, fish sticks, frozen', 'Oil, sunflower, linoleic', 'Oil, cottonseed, salad or cooking', 'Oil, almond']
usda#11955	Tomatoes, sun-dried	['Tomatoes, crushed, canned', 'Tomato products, canned, paste']	['Tomatoes, sun-dried', 'Tomatoes, crushed, canned', 'Tomato products, canned, paste', 'Apple juice, frozen concentrate, unsweetened', 'Spices, chili powder', 'Peppers, sweet, red', 'Pasta, dry, enriched', 'Capers, canned', 'Sauce, pasta, spaghetti/marinara', 'Beans, snap, green', 'Spices, pepper, red or cayenne', 'Catsup', 'Soup, tomato, canned', 'Sauce, salsa, ready-to-serve', 'Squash, summer, zucchini', 'Spearmint, dried', 'Sauce, tomato chili sauce, bottled']	[]
usda#04047	Oil, coconut	['Oil, sesame, salad or cooking', 'Oil, olive, salad or cooking', 'Shortening, vegetable, household', 'Oil, walnut', 'Butter oil, anhydrous', 'Oil, corn, industrial and retail', 'Lard', 'Oil, peanut, salad or cooking', 'Oil, canola', 'Margarine-like, margarine-butter blend, soybean oil and butter', 'Oil, vegetable, soybean', 'Margarine, regular, hard']	['Oil, canola', 'Butter, salted', 'Soy flour, defatted', 'Nuts, coconut cream, raw ', 'Cheese, blue', 'Shortening frying , palm ', 'Peanut Butter, smooth ', 'Pasta, gluten-free, corn flour and quinoa flour', 'Oil, vegetable, soybean', 'Oil, olive, salad or cooking', 'Milk, filled, fluid', 'Bananas, raw', 'Spices, cinnamon, ground', 'Prune puree', 'Apple juice, frozen concentrate, unsweetened', 'Milk, canned, evaporated', 'Soup, stock, beef', 'Pumpkin, raw', 'Peas, edible-podded, raw', 'Vanilla extract', 'Margarine, regular, hard', 'Applesauce, canned, unsweetened', 'Peppermint, fresh', 'Sauce, chili, peppers', 'Oil, coconut', 'Yogurt, Greek, vanilla', 'Yogurt, Greek, plain', 'Potatoes, hash brown, home-prepared', 'Nuts, pecans', 'Abiyuch, raw', 'Nuts, almonds', 'Apples, canned, sweetened', 'Animal fat, bacon grease', 'Oil, sesame, salad or cooking', 'Potato flour', 'Yogurt, Greek, 2%fat', 'Spices, chili powder']	['Oil, sesame, salad or cooking', 'Oil, olive, salad or cooking', 'Shortening, vegetable, household', 'Oil, walnut', 'Butter oil, anhydrous', 'Oil, corn, industrial and retail', 'Lard', 'Oil, peanut, salad or cooking', 'Ice cream, bar or stick, chocolate covered', 'Frankfurter, meat and poultry, unheated', 'Oil, canola', 'Salad dressing, honey mustard, regular', 'Margarine-like, margarine-butter blend, soybean oil and butter', 'Frankfurter, beef, unheated', 'Ice cream, soft serve, chocolate', 'Sausage, pork, chorizo', 'Salad dressing, poppyseed, creamy', 'Soup, chicken vegetable with potato and cheese, chunky', 'Salad dressing, mayonnaise, regular', 'Salad dressing, sesame seed dressing, regular', 'Salad dressing, french dressing, commercial', 'Soup, cream of mushroom, low sodium']
usda#09160	Lime juice, raw	['Oranges, raw, all commercial varieties', 'Grapefruit juice, white, canned or bottled', 'Orange juice, chilled, includes from concentrate', 'Tangerines, raw', 'Tangerine juice, raw', 'Tangerines, canned', 'Juice, apple and grape blend, with added ascorbic acid', 'Mango nectar, canned', 'Grapefruit juice, white, raw', 'Guanabana nectar, canned', 'Strawberries, frozen, unsweetened ', 'Grape juice, canned or bottled, unsweetened', 'Litchis, raw', 'Grapefruit, raw, pink and red and white', 'Lemon juice, raw', 'Orange Pineapple Juice Blend', 'Lemons, raw, without peel']	['Vinegar, red wine', 'Basil, fresh', 'Cream, whipped, cream topping', 'Orange juice, raw ', 'Lemon juice, raw', 'Cheese, cream']	['Oranges, raw, all commercial varieties', 'Grapefruit juice, white, canned or bottled', 'Orange juice, chilled, includes from concentrate', 'Grapefruit, sections, canned', 'Tangerines, raw', 'Tangerine juice, raw', 'Tangerines, canned', 'Juice, apple and grape blend, with added ascorbic acid', 'Mango nectar, canned', 'Grapefruit juice, white, raw', 'Guanabana nectar, canned', 'Strawberries, frozen, unsweetened ', 'Grape juice, canned or bottled, unsweetened', 'Litchis, raw', 'Brussels sprouts, raw', 'Grapefruit, raw, pink and red and white', 'Lemon juice, raw', 'Orange Pineapple Juice Blend', 'Lemons, raw, without peel', 'Broccoli, raw']
usda#01123	Egg, whole, raw	['Cheese, cottage, lowfat', 'Fish, haddock, smoked', 'Chicken patty, frozen, cooked', 'Egg, whole, cooked', 'Luncheon meat, pork with ham, minced', 'Tofu, silken', 'Egg substitute, powder']	['Applesauce, canned, unsweetened', 'Egg, whole, raw', 'Spices, onion powder', 'Butter, salted', 'Baobab powder', 'Soy meal, defatted, raw', 'MORI-NU, Tofu, silken', 'Spices, anise seed', 'Pepper, banana, raw', 'Egg substitute, powder', 'Milk, filled, fluid']	['Cheese, cottage, lowfat', 'Fish, haddock, smoked', 'Chicken patty, frozen, cooked', 'Egg, whole, cooked', 'Luncheon meat, pork with ham, minced']
usda#01004	Cheese, blue	['Cheese, Mexican blend', 'Cheese, brie', 'Cheese, gouda', 'Cheese, goat, hard type', 'Cheese, feta']	['Spices, pepper, black', 'Ham, sliced, pre-packaged', 'Cheese, blue', 'Cheese, goat, hard type', 'Cheese, feta', 'Onions, dehydrated flakes', 'Yogurt, Greek, plain']	['Bologna, meat and poultry', 'Cheese, Mexican blend', 'Cheese, brie', 'Bologna, beef', 'Salad dressing, blue or roquefort cheese dressing, commercial', 'Butter, light, stick', 'Cheese, gouda', 'Pork sausage, link/patty, cooked', 'Mortadella, beef, pork', 'Soup, cream of mushroom, low sodium', 'Frankfurter, chicken', 'Ice cream, soft serve, chocolate', 'Salad dressing, french dressing, commercial']
usda#09152	Lemon juice, raw	['Lemons, raw, without peel', 'Papayas, raw', 'Grapefruit, raw, pink and red and white',  'Tomato juice, canned, without salt added', 'Lemon juice from concentrate, canned or bottled', 'Melons, honeydew, raw', 'Currants, red and white, raw', 'Yambean, raw', 'Limes, raw']	['Vinegar, red wine', 'Lemon juice from concentrate, bottled, CONCORD', 'Nuts, coconut cream, raw ', 'Milk, filled, fluid', 'Cheese, dry white, queso seco', 'Limes, raw', 'Pineapple, frozen, chunks', 'Vanilla extract', 'Vinegar, cider', 'Vinegar, balsamic', 'Goji berries, dried', 'Orange juice, raw ', 'Yogurt, Greek, plain', 'Lime juice, raw', 'Abiyuch, raw', 'Spices, pepper, black', 'Oranges, raw, California', 'Pineapple, canned, juice pack', 'Lemon juice, raw', 'Soup, stock, chicken']	['Lemons, raw, without peel', 'Vegetable juice cocktail, canned', 'Papayas, raw', 'Grapefruit, raw, pink and red and white', 'Broccoli, raw', 'Kohlrabi, raw', 'Tomato juice, canned, with salt added', 'Tomato juice, canned, without salt added', 'Brussels sprouts, raw', 'Lemon juice from concentrate, canned or bottled', 'Cauliflower, green, raw', 'Cabbage, chinese, raw', 'Cabbage, red, raw', 'Melons, honeydew, raw', 'Tomatoes, green, raw', 'Cress, garden, raw', 'Currants, red and white, raw', 'Rutabagas, raw', 'Cabbage, raw', 'Mustard greens, raw', 'Yambean, raw', 'Tomatoes, red, ripe', 'Squash, summer, zucchini', 'Limes, raw', 'Squash, summer, all varieties', 'Turnips, raw']
usda#09085	Currants, zante, dried	['Figs, dried, stewed', 'Raisins, dark, seedless ', 'Plums, dried, uncooked', 'Pears, dried, sulfured', 'Peaches, dried, sulfured', 'Plums, dried, stewed', 'Cranberries, raw', 'Raisins, golden, seedless', 'Raisins, seeded', 'Dates, medjool']	['Cranberries, raw', 'Raisins, golden, seedless', 'Cranberries, dried, sweetened ', 'Raisins, seeded', 'Dates, medjool']	['Figs, dried, stewed', 'Raisins, dark, seedless ', 'Plums, dried, uncooked', 'Pears, dried, sulfured', 'Peaches, dried, sulfured', 'Bananas, dehydrated, or banana powder', 'Plums, dried, stewed']
usda#12147	Nuts, pine nuts, dried	['Nuts, hazelnuts or filberts', 'Nuts, brazilnuts, dried', 'Nuts, almonds', 'Nuts, walnuts, black', 'Seeds, pumpkin and squash seeds, whole', 'Nuts, walnuts, dry roasted', 'Seeds, flaxseed', 'Nuts, pecans', 'Seeds, sunflower seed kernels, dried']	['Nuts, almonds', 'Nuts, walnuts, black', 'Seeds, pumpkin and squash seeds, whole', 'Nuts, walnuts, dry roasted', 'Seeds, flaxseed', 'Nuts, pecans', 'Seeds, sunflower seed kernels, dried', 'Veal, variety meats and by-products, liver']	['Nuts, hazelnuts or filberts', 'Nuts, brazilnuts, dried']
usda#11333	Peppers, sweet, green	['Pepper, banana, raw', 'Peppers, serrano, raw', 'Peppers, jalapeno, canned']	['Soup, pea, green', 'Celery, raw', 'Okra, raw', 'Peas, edible-podded, frozen', 'Mushrooms, shiitake, raw', 'Cabbage, raw', 'Spices, pepper, red or cayenne', 'Pepperoni, beef and pork, sliced', 'Sauce, hot chile, sriracha', 'Peas, edible-podded, raw', 'Peppers, jalapeno, canned']	['Pepper, banana, raw', 'Melons, casaba, raw', 'Peppers, serrano, raw', 'Kohlrabi, raw', 'Lemons, raw, without peel', 'Plantains, yellow, raw', 'Lemon juice, raw', 'Vegetable juice cocktail, canned']
usda#12061	Nuts, almonds	['Nuts, almonds, dry roasted', 'Peanuts, all types, oil-roasted', 'Nuts, brazilnuts, dried', 'Nuts, hazelnuts or filberts', 'Seeds, sunflower seed kernels, dry roasted', 'Soybeans, mature seeds, roasted', 'Seeds, sesame seeds, whole', 'Nuts, walnuts, black', 'Nuts, pine nuts, dried', 'Nuts, cashew nuts, raw', 'Peanuts, spanish, raw', 'Nuts, pecans', 'Nuts, macadamia nuts, raw']	['Nuts, almonds', 'Seeds, sesame seeds, whole', 'Nuts, walnuts, black', 'Nuts, pine nuts, dried', 'Raisins, golden, seedless', 'Nuts, cashew nuts, raw', 'Spices, allspice, ground', 'Milk, chocolate, fluid', 'Oil, coconut', 'Spices, anise seed', 'Cranberries, dried, sweetened ', 'Oats ', 'Raisins, seeded', 'Peanuts, spanish, raw', 'Nuts, pecans', 'Seeds, sunflower seed kernels, dried', 'Nuts, macadamia nuts, raw']	['Nuts, almonds, dry roasted', 'Peanuts, all types, oil-roasted', 'Nuts, brazilnuts, dried', 'Nuts, hazelnuts or filberts', 'Seeds, sunflower seed kernels, dry roasted', 'Soybeans, mature seeds, roasted']
usda#06015	Soup, chicken, canned	['Gravy, chicken, canned or bottled']	['Oscar Mayer, Chicken Breast ', 'Soup, cream of mushroom, canned']	['Seeds, sesame butter, tahini', 'Gravy, chicken, canned or bottled']
usda#09032	Apricots, dried, sulfured	[]	['Spearmint, dried']	[]
usda#11124	Carrots, raw	['Carrots, canned, no salt added']	['Beans, black, mature seeds', 'Peppers, sweet, green', 'Peas, green, frozen', 'Beans, snap, green', 'Spices, pepper, red or cayenne', 'Spinach, raw', 'Onions, young green, tops only', 'Mushrooms, shiitake, raw', 'Peas, edible-podded, raw', 'Potatoes, hash brown, home-prepared', 'Water convolvulus,raw', 'Loganberries, frozen']	['Soup, beef and vegetables, canned', 'Melons, cantaloupe, raw', 'Dandelion greens, raw', 'Carrots, canned, no salt added', 'Apricots, canned, juice pack']
usda#11109	Cabbage, raw	['Cabbage, chinese, raw', 'Cress, garden, raw', 'Turnips, raw', 'Rutabagas, raw', 'Mustard greens, raw', 'Tomatoes, green, raw', 'Cauliflower, green, raw', 'Broccoli, raw', 'Cabbage, red, raw', 'Brussels sprouts, raw', 'Tomatoes, red, ripe', 'Kohlrabi, raw', 'Limes, raw', 'Sauerkraut, canned, solids and liquids', 'Spinach, raw', 'Carrots, raw']	['Broccoli, raw', 'Seasoning mix, dry, sazon', 'Sauerkraut, canned, solids and liquids', 'Spinach, raw', 'Carrots, raw', 'Mothbeans, mature seeds, raw']	['Melons, honeydew, raw', 'Cabbage, chinese, raw', 'Cress, garden, raw', 'Turnips, raw', 'Rutabagas, raw', 'Mustard greens, raw', 'Yambean, raw', 'Squash, summer, zucchini', 'Tomato juice, canned, with salt added', 'Tomatoes, green, raw', 'Currants, red and white, raw', 'Cauliflower, green, raw', 'Vegetable juice cocktail, canned', 'Broccoli, raw', 'Cabbage, red, raw', 'Lemon juice, raw', 'Grapefruit, raw, pink and red and white', 'Lemons, raw, without peel', 'Papayas, raw', 'Brussels sprouts, raw', 'Squash, summer, all varieties', 'Tomatoes, red, ripe', 'Tomato juice, canned, without salt added', 'Lemon juice from concentrate, canned or bottled', 'Kohlrabi, raw', 'Limes, raw']
usda#01053	Cream, fluid, heavy whipping	['Sour cream, light', 'Cream, fluid, light ', 'Cream, fluid, light whipping', 'Milk, canned, condensed', 'Cream, sour, cultured', 'Yogurt, plain, skim milk', 'Yogurt, Greek, 2%fat']	['Sour cream, light', 'Milk, dry, whole', 'Milk, buttermilk, fluid', 'Cream, fluid, light ', 'Cream, fluid, light whipping', 'Fat, chicken', 'Milk, canned, condensed', 'Cream, sour, cultured', 'Yogurt, plain, skim milk', 'HOUSE FOODS Premium Soft Tofu', 'Milk, filled, fluid', 'Yogurt, Greek, 2%fat']	[]
usda#09316	Strawberries, raw	['Strawberries, frozen, unsweetened ', 'Raspberries, raw', 'Grapes, american type , raw', 'Loganberries, frozen', 'Cranberries, raw', 'Blueberries, raw', 'Pineapple, frozen, chunks', 'Pears, raw', 'Blackberries, raw', 'Blackberries, frozen, unsweetened', 'Raspberries, frozen, red']	['Cranberries, raw', 'Blueberries, raw', 'Raspberries, raw', 'Nance, canned, syrup', 'Pineapple, frozen, chunks', 'Pears, raw', 'Blackberries, raw', 'Blackberries, frozen, unsweetened', 'Raspberries, frozen, red']	['Grape juice, canned or bottled, unsweetened', 'Strawberries, frozen, unsweetened ', 'Orange Pineapple Juice Blend', 'Raspberries, raw', 'Grapes, american type , raw', 'Loganberries, frozen', 'Strawberries, frozen, sweetened']
usda#09081	Cranberry sauce, canned, sweetened	[]	['Chicken spread', 'Catsup']	[]
usda#11011	Asparagus, raw	['Tomatoes, sun-dried', 'Celery, raw', 'Broccoli, raw', 'Beans, snap, green', 'Squash, summer, zucchini', 'Peas, edible-podded, raw', 'Carrots, raw']	['Tomatoes, sun-dried', 'Celery, raw', 'Broccoli, raw', 'Beans, snap, green', 'Squash, summer, zucchini', 'Peas, edible-podded, raw', 'Carrots, raw']	['Beets, canned, no salt added']
usda#20033	Oat bran, raw	['Wheat bran, crude']	['Nuts, almonds', 'Wheat bran, crude', 'Oil, wheat germ']	['Seeds, sesame seed kernels, toasted']
usda#12117	Nuts, coconut milk, raw	[]	['Milk, filled, fluid', 'Milk, buttermilk, fluid']	[]
usda#01095	Milk, canned, condensed	['Milk, canned, evaporated', 'Milk, filled, fluid']	['Peas, edible-podded, raw', 'Potatoes, hash brown, home-prepared', 'Milk, canned, evaporated', 'Milk, filled, fluid']	['Fruit cocktail, canned', 'Pears, raw', 'Cherries, sweet, raw', 'Milk dessert bar, frozen, made from lowfat milk', 'Peaches, canned, heavy syrup pack', 'Pears, canned, heavy syrup pack', 'Peaches, canned, juice pack', 'Plums, canned, heavy syrup', 'Apple juice, canned or bottled, unsweetened', 'Plums, canned, purple']
usda#04582	Oil, canola	['Oil, sesame, salad or cooking', 'Oil, corn, industrial and retail', 'Lard', 'Oil, peanut, salad or cooking', 'Oil, olive, salad or cooking', 'Oil, coconut', 'Oil, walnut', 'Shortening, vegetable, household', 'Butter oil, anhydrous', 'Margarine-like, margarine-butter blend, soybean oil and butter', 'Oil, safflower, salad or cooking', 'Oil, coconut', 'Oil, vegetable, soybean']	['Applesauce, canned, unsweetened', 'Oil, sesame, salad or cooking', 'Butter, salted', 'Olive loaf, pork', 'Oil, safflower, salad or cooking', 'Oil, coconut', 'Oil, vegetable, soybean', 'Oil, olive, salad or cooking']	['Oil, sesame, salad or cooking', 'Frankfurter, beef, unheated', 'Oil, corn, industrial and retail', 'Lard', 'Oil, peanut, salad or cooking', 'Oil, olive, salad or cooking', 'Ice cream, bar or stick, chocolate covered', 'Oil, coconut', 'Salad dressing, honey mustard, regular', 'Oil, walnut', 'Shortening, vegetable, household', 'Butter oil, anhydrous', 'Frankfurter, meat and poultry, unheated', 'Salad dressing, poppyseed, creamy', 'Salad dressing, sesame seed dressing, regular', 'Soup, chicken vegetable with potato and cheese, chunky', 'Margarine-like, margarine-butter blend, soybean oil and butter', 'Sausage, pork, chorizo', 'Ice cream, soft serve, chocolate', 'Pork sausage, link/patty, cooked', 'Salad dressing, blue or roquefort cheese dressing, commercial', 'Mortadella, beef, pork', 'Cheese, gouda', 'Salad dressing, mayonnaise, regular']
usda#01023	Cheese, gruyere	['Cheese, pasteurized process, American', 'Cheese, parmesan, hard', 'Cheese, ricotta, whole milk', 'Cheese, cheddar, nonfat or fat free', 'Cheese, provolone', 'Cheese, swiss']	['Cheese, cheddar ', 'Cheese, provolone', 'Cheese, gruyere', 'Cheese, swiss']	['Cheese, pasteurized process, American', 'Cheese, parmesan, hard', 'Milk, dry, whole', 'Milk, whole, 3.25% milkfat', 'Milk, low sodium, fluid', 'Salad dressing, mayonnaise, regular', 'Milk, buttermilk, fluid', 'Cheese, ricotta, whole milk', 'Cheese, cheddar, nonfat or fat free']
usda#04053	Oil, olive, salad or cooking	['Oil, corn, industrial and retail', 'Oil, sesame, salad or cooking', 'Shortening, vegetable, household', 'Oil, walnut', 'Butter oil, anhydrous', 'Lard', 'Oil, peanut, salad or cooking','Oil, coconut', 'Margarine-like, margarine-butter blend, soybean oil and butter', 'Oil, canola', 'Oil, PAM cooking spray, original', 'Oil, hazelnut', 'Oil, vegetable, soybean', 'Margarine, regular, hard']	['Seeds, sesame seeds, whole', 'Animal fat, bacon grease', 'Oil, canola', 'Oil, PAM cooking spray, original', 'Butter, salted', 'Oil, hazelnut', 'Oil, sesame, salad or cooking', 'Chicken, canned, no broth', 'Fat, chicken', 'Peanut Butter, smooth ', 'Oil, coconut', 'Oil, vegetable, soybean', 'Oil, olive, salad or cooking', 'Margarine, regular, hard', 'Oil, peanut, salad or cooking']	['Oil, corn, industrial and retail', 'Oil, sesame, salad or cooking', 'Shortening, vegetable, household', 'Oil, walnut', 'Butter oil, anhydrous', 'Lard', 'Oil, peanut, salad or cooking', 'Frankfurter, meat and poultry, unheated', 'Ice cream, bar or stick, chocolate covered', 'Oil, coconut', 'Salad dressing, honey mustard, regular', 'Margarine-like, margarine-butter blend, soybean oil and butter', 'Oil, canola', 'Salad dressing, poppyseed, creamy', 'Frankfurter, beef, unheated', 'Ice cream, soft serve, chocolate', 'Soup, chicken vegetable with potato and cheese, chunky', 'Sausage, pork, chorizo', 'Salad dressing, mayonnaise, regular', 'Soup, cream of mushroom, low sodium', 'Pork sausage, link/patty, cooked', 'Salad dressing, blue or roquefort cheese dressing, commercial', 'Mortadella, beef, pork']
usda#16006	Beans, baked, canned	['Beans, kidney, red']	['Chili with beans, canned', 'Ice cream sandwich', 'Beans, kidney, red']	[]
usda#11090	Broccoli, raw	['Brussels sprouts, raw', 'Kohlrabi, raw', 'Cauliflower, green, raw', 'Cabbage, red, raw', 'Rutabagas, raw', 'Cress, garden, raw', 'Tomatoes, green, raw', 'Cabbage, chinese, raw', 'Cabbage, raw', 'Mustard greens, raw', 'Yambean, raw', 'Squash, summer, zucchini', 'Tomatoes, red, ripe', 'Turnips, raw', 'Squash, summer, all varieties', 'Peas, edible-podded, frozen', 'Peas and carrots, frozen, unprepared', 'Peppers, sweet, red', 'Beet greens, raw', 'Beans, snap, green', 'Spinach, raw', 'Peas, edible-podded, raw', 'Asparagus, raw']	['Peas, edible-podded, frozen', 'Peas and carrots, frozen, unprepared', 'Peppers, sweet, red', 'Cauliflower, raw', 'Beet greens, raw', 'Beans, snap, green', 'Spinach, raw', 'Orange juice, raw ', 'Pears, raw', 'Squash, summer, zucchini', 'Peas, edible-podded, raw', 'Asparagus, raw']	['Papayas, raw', 'Lemons, raw, without peel', 'Brussels sprouts, raw', 'Lemon juice, raw', 'Grapefruit, raw, pink and red and white', 'Kohlrabi, raw', 'Lemon juice from concentrate, canned or bottled', 'Tomato juice, canned, with salt added', 'Tomato juice, canned, without salt added', 'Vegetable juice cocktail, canned', 'Cauliflower, green, raw', 'Cabbage, red, raw', 'Melons, honeydew, raw', 'Rutabagas, raw', 'Currants, red and white, raw', 'Cress, garden, raw', 'Tomatoes, green, raw', 'Cabbage, chinese, raw', 'Cabbage, raw', 'Mustard greens, raw', 'Yambean, raw', 'Squash, summer, zucchini', 'Tomatoes, red, ripe', 'Turnips, raw', 'Squash, summer, all varieties', 'Limes, raw']
usda#09050	Blueberries, raw	['Strawberries, frozen, unsweetened ', 'Cranberries, raw', 'Peaches, yellow, raw', 'Goji berries, dried', 'Raspberries, raw', 'Blackberries, raw', 'Strawberries, raw', 'Currants, zante, dried']	['Cranberries, raw', 'Peaches, yellow, raw', 'Goji berries, dried', 'Raspberries, raw', 'Milk, chocolate, fluid', 'Cranberries, dried, sweetened ', 'Blackberries, raw', 'Pepper, banana, raw', 'Strawberries, raw', 'Currants, zante, dried']	['Blueberries, frozen, sweetened', 'Strawberries, frozen, unsweetened ', 'Split pea soup, canned, reduced sodium', 'Grape juice, canned or bottled, unsweetened']
usda#09167	Loganberries, frozen	['Raspberries, raw', 'Blackberries, raw', 'Boysenberries, frozen, unsweetened', 'Raspberries, canned, red', 'Strawberries, raw', 'Blueberries, wild, frozen']	['Blueberries, wild, frozen ', 'Egg, whole, raw', 'Corn grain, yellow', 'Grapefruit juice, white, canned']	['Raspberries, raw', 'Blackberries, raw', 'Boysenberries, frozen, unsweetened', 'Raspberries, canned, red', 'Strawberries, raw']
usda#01006	Cheese, brie	['Cheese, blue', 'Cheese, Mexican blend', 'Cheese, gouda', 'Cheese, feta']	['Cheese, feta']	['Butter, light, stick', 'Salad dressing, blue or roquefort cheese dressing, commercial', 'Cheese, blue', 'Cheese, Mexican blend', 'Bologna, beef', 'Cheese, gouda', 'Bologna, meat and poultry', 'Pork sausage, link/patty, cooked', 'Mortadella, beef, pork', 'Frankfurter, chicken', 'Salad dressing, french dressing, commercial', 'Salad dressing, sesame seed dressing, regular', 'Soup, cream of mushroom, low sodium']
usda#01019	Cheese, feta	['Cheese, parmesan, grated', 'Cheese, fresh, queso fresco', 'Cheese, mozzarella, whole milk', 'Cheese, fontina', 'Cheese food, pasteurized process, American', 'Cheese, provolone, reduced fat', 'Cheese, brick', 'Cheese, low-sodium, cheddar or colby', 'Cheese, cheddar ', 'Cheese, provolone', 'Cheese, colby', 'Cheese, monterey', 'Cheese, pasteurized process, pimento', 'Cheese, swiss', 'Cheese, mozzarella, low moisture', 'Cheese, muenster', 'Cheese spread, pasteurized process, American', 'Cheese, limburger', 'Cheese, mexican, queso anejo', 'Cheese, mexican, queso chihuahua', 'Cheese, mexican, queso asadero', 'Cheese, swiss', 'Cheese, blue', 'Cheese, goat, hard type', 'Cheese, ricotta, whole milk']	['Cheese, swiss', 'Cheese, blue', 'Cheese, goat, hard type', 'Cheese, feta', 'Cheese, ricotta, whole milk']	['Cheese, parmesan, grated', 'Cheese, fresh, queso fresco', 'Cheese, mozzarella, whole milk', 'Cheese, fontina', 'Cheese food, pasteurized process, American', 'Cheese, provolone, reduced fat', 'Cheese, brick', 'Cheese, low-sodium, cheddar or colby', 'Cheese, cheddar ', 'Cheese, provolone', 'Cheese, colby', 'Cheese, monterey', 'Cheese, pasteurized process, pimento', 'Cheese, swiss', 'Cheese, mozzarella, low moisture', 'Cheese, muenster', 'Cheese spread, pasteurized process, American', 'Cheese, limburger', 'Cheese, mexican, queso anejo', 'Cheese, mexican, queso chihuahua', 'Cheese, mexican, queso asadero']
usda#11291	Onions, spring or scallions, raw	['Leeks, raw', 'Onions, raw', 'Onions, yellow, sauteed', 'Onions, young green, tops only', 'Shallots, freeze-dried', 'Chives, raw', 'Asparagus, raw']	['Spices, onion powder', 'Leeks, raw', 'Onions, raw', 'Onions, yellow, sauteed', 'Onions, young green, tops only', 'Shallots, freeze-dried', 'Chives, raw', 'Asparagus, raw']	['Cauliflower, raw', 'Orange juice, raw ', 'Mung beans, mature seeds, sprouted']
usda#04038	Oil, wheat germ	['Oil, sunflower, linoleic', 'Oil, almond', 'Oil, cottonseed, salad or cooking', 'Oil, coconut']	['Soy meal, defatted, raw', 'Seeds, flaxseed', 'Oats ', 'Spices, anise seed', 'Oil, coconut', 'Oat bran, raw']	['Sauce, pasta, spaghetti/marinara', 'Oil, sunflower, linoleic', 'Oil, almond', 'Oil, cottonseed, salad or cooking', 'Fish, fish sticks, frozen', 'Nuts, almond paste']
usda#01102	Milk, chocolate, fluid	[]	['Nuts, almonds', 'Nuts, walnuts, black', 'Carob flour', 'Shortening cake mix, soybean and cottonseed ', 'Peanut Butter, smooth ', 'Nance, canned, syrup', 'Milk, chocolate, fluid', 'Spices, pumpkin pie spice', 'Raisins, seeded', 'Oil, cocoa butter', 'Nuts, pecans']	['Eggnog', 'Milk, chocolate, lowfat']
usda#07005	Blood sausage	['Beef, grass-fed, ground', 'Turkey, breast, smoked', 'Tofu, dried-frozen ', 'Ham, minced', 'Chickpeas , mature seeds', 'Kielbasa, fully cooked, grilled', 'Meatballs, frozen, Italian style', 'Mushrooms, shiitake, raw', 'Bologna, pork', 'Sausage, smoked link sausage, pork']	['Beef, grass-fed, ground', 'Turkey, breast, smoked', 'Tofu, dried-frozen ', 'Ham, minced', 'Fat, chicken', 'Chickpeas , mature seeds', 'Kielbasa, fully cooked, grilled', 'Meatballs, frozen, Italian style', 'Mushrooms, shiitake, raw', 'Bologna, pork', 'Sausage, smoked link sausage, pork', 'Asparagus, raw']	['Fish, tuna, light', 'Cheesefurter, cheese smokie, pork']
usda#11564	Turnips, raw	['Yambean, raw', 'Cabbage, raw', 'Squash, summer, zucchini', 'Cabbage, chinese, raw', 'Mustard greens, raw', 'Squash, summer, all varieties', 'Rutabagas, raw', 'Cress, garden, raw', 'Tomatoes, red, ripe', 'Tomatoes, green, raw', 'Cauliflower, green, raw', 'Kohlrabi, raw', 'Broccoli, raw', 'Brussels sprouts, raw', 'Cabbage, red, raw', 'Beets, raw', 'Parsnips, raw', 'Carrots, raw']	['Beets, raw', 'Parsnips, raw', 'Carrots, raw']	['Yambean, raw', 'Melons, honeydew, raw', 'Cabbage, raw', 'Squash, summer, zucchini', 'Cabbage, chinese, raw', 'Mustard greens, raw', 'Squash, summer, all varieties', 'Rutabagas, raw', 'Cress, garden, raw', 'Tomatoes, red, ripe', 'Tomatoes, green, raw', 'Tomato juice, canned, with salt added', 'Cauliflower, green, raw', 'Vegetable juice cocktail, canned', 'Limes, raw', 'Currants, red and white, raw', 'Kohlrabi, raw', 'Grapefruit, raw, pink and red and white', 'Broccoli, raw', 'Brussels sprouts, raw', 'Lemon juice from concentrate, canned or bottled', 'Lemons, raw, without peel', 'Papayas, raw', 'Cabbage, red, raw', 'Tomato juice, canned, without salt added', 'Lemon juice, raw']
usda#12142	Nuts, pecans	['Nuts, almonds', 'Nuts, walnuts, black', 'Nuts, pine nuts, dried', 'Nuts, mixed nuts, dry roasted', 'Nuts, hazelnuts or filberts']	['Nuts, almonds', 'Nuts, walnuts, black', 'Nuts, pine nuts, dried', 'Milk, chocolate, fluid', 'Nuts, mixed nuts, dry roasted', 'Oats ', 'Raisins, seeded', 'Nuts, hazelnuts or filberts', 'Cranberries, dried, sweetened ', 'Dates, medjool']	['Nuts, walnuts, english', 'Edamame, frozen, prepared']
usda#16117	Soy flour, defatted	['Soybeans, mature seeds, roasted', 'Potato flour', 'Rice flour, brown']	['Oil, coconut', 'Potato flour', 'Rice flour, brown']	['Soybeans, mature seeds, roasted']
usda#01069	Cream substitute, powdered	[]	['Peas, edible-podded, raw', 'Papaya nectar, canned', 'Milk, chocolate, fluid']	[]
usda#01036	Cheese, ricotta, whole milk	['Cheese, pasteurized process, American', 'Cheese, parmesan, hard', 'Cheese, gruyere', 'Cheese, cottage, creamed']	['Tofu, dried-frozen ', 'Cheese, cottage, creamed']	['Kielbasa, fully cooked, grilled', 'Cheese, pasteurized process, American', 'Cheese, parmesan, hard', 'Cheese, gruyere']
usda#09442	Pomegranate juice, bottled	['Peach nectar, canned, with sucralose', 'Pears, canned, juice pack', 'Papaya nectar, canned', 'Peaches, canned, juice pack', 'Peaches, canned, light syrup pack', 'Pears, canned, light syrup pack', 'Pear nectar, canned, without added ascorbic acid', 'Apple juice, canned or bottled, unsweetened', 'Plums, canned, purple', 'Fruit cocktail, canned']	['Basil, fresh']	['Blueberries, dried, sweetened', 'Peach nectar, canned, with sucralose', 'Apples, canned, sweetened', 'Pickles, cucumber, sweet ', 'Cranberries, dried, sweetened ', 'Pears, canned, juice pack', 'Cherries, tart, dried', 'Ice cream sandwich, vanilla, light', 'Papaya nectar, canned', 'Peaches, canned, juice pack', 'Peaches, canned, light syrup pack', 'Applesauce, canned, unsweetened', 'Pears, canned, light syrup pack', 'Pear nectar, canned, without added ascorbic acid', 'Apple juice, canned or bottled, unsweetened', 'Plums, canned, purple', 'Pears, canned, heavy syrup', 'Peaches, canned, heavy syrup', 'Ice cream sandwich, made with light ice cream, vanilla', 'Pears, canned, heavy syrup pack', 'Fruit cocktail, canned', 'Plums, canned, heavy syrup', 'Ice cream sandwich', 'Peaches, canned, heavy syrup pack']
usda#09252	Pears, raw	['Cherries, sweet, raw']	['Applesauce, canned, unsweetened', 'Apples, canned, sweetened']	['Cherries, sweet, raw', 'Milk, canned, condensed', 'Milk dessert bar, frozen, made from lowfat milk', 'Fruit cocktail, canned', 'Peaches, canned, heavy syrup pack', 'Plums, canned, heavy syrup', 'Apple juice, canned or bottled, unsweetened', 'Pears, canned, heavy syrup pack']
usda#04601	Butter, light, stick	[]	['Spices, cinnamon, ground', 'Butter, salted']	['Salad dressing, blue or roquefort cheese dressing, commercial', 'Cheese, gouda', 'Mortadella, beef, pork', 'Pork sausage, link/patty, cooked', 'Cheese, brie', 'Cheese, Mexican blend', 'Bologna, meat and poultry', 'Frankfurter, chicken', 'Bologna, beef', 'Salad dressing, french dressing, commercial', 'Cheese, blue', 'Salad dressing, sesame seed dressing, regular', 'Cheese, camembert', 'Salad dressing, ranch dressing, regular']
usda#12071	Nuts, almond paste	[]	['Butter, salted', 'Salt, table']	['Fish, fish sticks, frozen', 'Oil, cottonseed, salad or cooking', 'Oil, sunflower, linoleic', 'Oil, almond', 'Sauce, pasta, spaghetti/marinara', 'Oil, wheat germ']
usda#04058	Oil, sesame, salad or cooking	['Lard', 'Oil, olive, salad or cooking', 'Oil, corn, industrial and retail', 'Oil, canola', 'Oil, peanut, salad or cooking', 'Shortening, vegetable, household', 'Oil, walnut', 'Oil, coconut', 'Butter oil, anhydrous', 'Margarine-like, margarine-butter blend, soybean oil and butter']	['Oil, olive, salad or cooking', 'Oil, coconut', 'Oil, corn, industrial and retail', 'Oil, peanut, salad or cooking']	['Lard', 'Oil, olive, salad or cooking', 'Oil, corn, industrial and retail', 'Ice cream, bar or stick, chocolate covered', 'Oil, canola', 'Frankfurter, meat and poultry, unheated', 'Oil, peanut, salad or cooking', 'Salad dressing, honey mustard, regular', 'Shortening, vegetable, household', 'Oil, walnut', 'Oil, coconut', 'Butter oil, anhydrous', 'Frankfurter, beef, unheated', 'Salad dressing, poppyseed, creamy', 'Ice cream, soft serve, chocolate', 'Margarine-like, margarine-butter blend, soybean oil and butter', 'Soup, chicken vegetable with potato and cheese, chunky', 'Sausage, pork, chorizo', 'Salad dressing, mayonnaise, regular', 'Soup, cream of mushroom, low sodium', 'Salad dressing, sesame seed dressing, regular', 'Pork sausage, link/patty, cooked', 'Cheese, gouda', 'Salad dressing, blue or roquefort cheese dressing, commercial']
usda#04002	Lard	['Oil, sesame, salad or cooking', 'Oil, peanut, salad or cooking', 'Butter oil, anhydrous', 'Oil, corn, industrial and retail', 'Oil, olive, salad or cooking', 'Shortening, vegetable, household', 'Oil, walnut', 'Oil, canola', 'Oil, coconut', 'Margarine-like, margarine-butter blend, soybean oil and butter']	['Shortening frying , palm ', 'Butter, salted']	['Oil, sesame, salad or cooking', 'Oil, peanut, salad or cooking', 'Ice cream, bar or stick, chocolate covered', 'Butter oil, anhydrous', 'Oil, corn, industrial and retail', 'Salad dressing, honey mustard, regular', 'Oil, olive, salad or cooking', 'Shortening, vegetable, household', 'Frankfurter, meat and poultry, unheated', 'Oil, walnut', 'Salad dressing, poppyseed, creamy', 'Oil, canola', 'Oil, coconut', 'Soup, chicken vegetable with potato and cheese, chunky', 'Margarine-like, margarine-butter blend, soybean oil and butter', 'Sausage, pork, chorizo', 'Ice cream, soft serve, chocolate', 'Frankfurter, beef, unheated', 'Salad dressing, mayonnaise, regular', 'Soup, cream of mushroom, low sodium', 'Salad dressing, sesame seed dressing, regular']
usda#01090	Milk, dry, whole	['Milk, low sodium, fluid', 'Milk, whole, 3.25% milkfat', 'Milk, reduced fat, fluid', 'Milk, lowfat, fluid', 'Milk, nonfat, fluid', 'Milk, buttermilk, fluid', 'Milk, canned, evaporated', 'Milk, filled, fluid']	['Oil, almond', 'Butter, salted', 'Milk, buttermilk, fluid', 'Milk, canned, evaporated', 'Yogurt, plain, skim milk', 'Milk, filled, fluid']	['Milk, low sodium, fluid', 'Milk, whole, 3.25% milkfat', 'Cheese, gruyere', 'Cheese, pasteurized process, American', 'Cheese, parmesan, hard', 'Milk, reduced fat, fluid', 'Sausage, breakfast sausage, beef', 'Milk, lowfat, fluid', 'Milk, nonfat, fluid']
usda#11297	Parsley, fresh	['Spices, coriander leaf, dried', 'Basil, fresh']	['Spices, coriander leaf, dried', 'Basil, fresh']	['Peas, edible-podded, raw']
usda#09150	Lemons, raw, without peel	['Papayas, raw', 'Lemon juice, raw', 'Grapefruit, raw, pink and red and white', 'Currants, red and white, raw', 'Melons, honeydew, raw', 'Limes, raw']	['Limes, raw', 'Lemon juice, raw']	['Broccoli, raw', 'Papayas, raw', 'Lemon juice, raw', 'Vegetable juice cocktail, canned', 'Tomato juice, canned, with salt added', 'Lemon juice from concentrate, canned or bottled', 'Grapefruit, raw, pink and red and white', 'Tomato juice, canned, without salt added', 'Kohlrabi, raw', 'Brussels sprouts, raw', 'Cauliflower, green, raw', 'Cabbage, chinese, raw', 'Cabbage, red, raw', 'Currants, red and white, raw', 'Rutabagas, raw', 'Melons, honeydew, raw', 'Cress, garden, raw', 'Tomatoes, green, raw', 'Cabbage, raw', 'Mustard greens, raw', 'Yambean, raw', 'Squash, summer, zucchini', 'Turnips, raw', 'Tomatoes, red, ripe', 'Limes, raw', 'Squash, summer, all varieties']
usda#11135	Cauliflower, raw	['Broccoli, raw', 'Cabbage, raw']	['Sweet potato leaves, raw', 'Broccoli, raw', 'Cabbage, raw', 'Nance, canned, syrup', 'Spices, pepper, red or cayenne']	['Onions, spring or scallions, raw', 'Orange juice, raw ', 'Mung beans, mature seeds, sprouted']
usda#11233	Kale, raw	['Beet greens, raw', 'Spinach, raw', 'Spinach, frozen, chopped or leaf']	['Beet greens, raw', 'Spinach, raw', 'Spinach, frozen, chopped or leaf']	['Blackberry juice, canned', 'Carambola, raw', 'Kiwifruit, green, raw', 'Litchis, raw', 'Pineapple, canned, juice pack', 'Pineapple, canned, heavy syrup pack', 'Pineapple, canned, water pack', 'Blackberries, raw', 'Pineapple, canned, light syrup pack', 'Pineapple, raw, all varieties']
usda#11976	Pepper, banana, raw	['Peppers, sweet, green', 'Peppers, serrano, raw', 'Peppers, sweet, red']	['Mango, dried, sweetened', 'Apples, raw, fuji', 'Spices, savory, ground', 'Oil, coconut', 'Pumpkin, raw']	['Peppers, sweet, green', 'Melons, casaba, raw', 'Peppers, serrano, raw', 'Peppers, sweet, red', 'Plantains, yellow, raw', 'Kohlrabi, raw', 'Lemons, raw, without peel']
usda#09042	Blackberries, raw	['Loganberries, frozen', 'Raspberries, raw', 'Blackberries, frozen, unsweetened', 'Persimmons, japanese, raw', 'Mulberries, raw', 'Peaches, yellow, raw', 'Strawberries, raw']	['Mulberries, raw', 'Peaches, yellow, raw', 'Strawberries, raw']	['Loganberries, frozen', 'Raspberries, raw', 'Blackberry juice, canned', 'Blackberries, frozen, unsweetened', 'Peas, green, raw', 'Carambola, raw', 'Kale, raw', 'Persimmons, japanese, raw', 'Pineapple, canned, juice pack']
usda#20077	Wheat bran, crude	['Oat bran, raw']	['Oat bran, raw', 'Oil, wheat germ']	['Refried beans, canned, fat-free']
usda#07050	Mortadella, beef, pork	['Pork sausage, link/patty, cooked', 'Frankfurter, chicken', 'Bologna, beef', 'Bologna, meat and poultry', 'Ham, minced']	['Ham, minced']	['Butter, light, stick', 'Cheese, gouda', 'Salad dressing, blue or roquefort cheese dressing, commercial', 'Salad dressing, french dressing, commercial', 'Pork sausage, link/patty, cooked', 'Frankfurter, chicken', 'Cheese, Mexican blend', 'Bologna, beef', 'Salad dressing, sesame seed dressing, regular', 'Bologna, meat and poultry', 'Cheese, brie', 'Cheese, camembert', 'Salad dressing, ranch dressing, regular', 'Cheese, blue']
usda#09040	Bananas, raw	['Plantains, yellow, baked', 'Plantains, yellow, raw']	['Candied fruit', 'Basil, fresh']	['Plantains, yellow, baked', 'Plantains, yellow, raw']
usda#01088	Milk, buttermilk, fluid	['Milk, reduced fat, fluid', 'Milk, nonfat, fluid', 'Soymilk, nonfat, with added calcium', 'Milk, lowfat, fluid', 'Yogurt, plain, skim milk', 'Kefir, lowfat, plain', 'Yogurt, Greek, nonfat', 'Cream, sour, cultured', 'Yogurt, Greek, plain', 'Milk, filled, fluid', 'Yogurt, Greek, 2%fat']	['Yogurt, plain, skim milk', 'Kefir, lowfat, plain', 'Vinegar, cider', 'Yogurt, Greek, vanilla', 'Nuts, coconut milk, raw ', 'Fat, chicken', 'Sour cream, fat free', 'Yogurt, Greek, nonfat', 'Cream, sour, cultured', 'Yogurt, Greek, plain', 'Milk, filled, fluid', 'Yogurt, Greek, 2%fat', 'Cheese, cream']	['Cheese, cheddar, nonfat or fat free', 'Cheese, Swiss, nonfat or fat free', 'Cheese, Mexican, blend', 'Milk, reduced fat, fluid', 'Cheese, pasteurized process, American', 'Milk, nonfat, fluid', 'Soymilk, nonfat, with added calcium', 'Cheese, gruyere', 'Milk, lowfat, fluid']
usda#01032	Cheese, parmesan, grated	['Cheese, cheddar ', 'Cheese, monterey', 'Cheese, swiss', 'Cheese, fontina', 'Cheese, colby', 'Cheese, low-sodium, cheddar or colby', 'Cheese food, pasteurized process, American', 'Cheese, brick', 'Cheese, fresh, queso fresco', 'Cheese, provolone', 'Cheese, pasteurized process, pimento', 'Cheese, mozzarella, low moisture', 'Cheese, provolone, reduced fat', 'Cheese, muenster', 'Cheese, mozzarella, whole milk', 'Cheese, limburger', 'Cheese spread, pasteurized process, American', 'Cheese, feta', 'Cheese, mexican, queso asadero', 'Cheese, mexican, queso anejo', 'Cheese, mexican, queso chihuahua', 'Cheese, gruyere']	['Cheese, gruyere']	['Cheese, cheddar ', 'Cheese, monterey', 'Cheese, swiss', 'Cheese, fontina', 'Cheese, colby', 'Cheese, low-sodium, cheddar or colby', 'Cheese food, pasteurized process, American', 'Cheese, brick', 'Cheese, fresh, queso fresco', 'Cheese, provolone', 'Cheese, pasteurized process, pimento', 'Cheese, mozzarella, low moisture', 'Cheese, provolone, reduced fat', 'Cheese, muenster', 'Cheese, mozzarella, whole milk', 'Cheese, limburger', 'Cheese spread, pasteurized process, American', 'Cheese, feta', 'Cheese, mexican, queso asadero', 'Cheese, mexican, queso anejo', 'Cheese, mexican, queso chihuahua']
usda#20118	Noodles, flat, crunchy	[]	['Potato flour']	[]
usda#01040	Cheese, swiss	['Cheese, low-sodium, cheddar or colby', 'Cheese, pasteurized process, pimento', 'Cheese, parmesan, grated', 'Cheese, mozzarella, low moisture', 'Cheese, monterey', 'Cheese, provolone', 'Cheese, fontina', 'Cheese, brick', 'Cheese, muenster', 'Cheese, cheddar ', 'Cheese, colby', 'Cheese, fresh, queso fresco', 'Cheese food, pasteurized process, American', 'Cheese, provolone, reduced fat', 'Cheese, mozzarella, whole milk', 'Cheese spread, pasteurized process, American', 'Cheese, limburger', 'Cheese, feta', 'Cheese, mexican, queso anejo', 'Cheese, mexican, queso asadero', 'Cheese, mexican, queso chihuahua']	['Cheese, feta', 'Cheese, cheddar ']	['Cheese, low-sodium, cheddar or colby', 'Cheese, pasteurized process, pimento', 'Cheese, parmesan, grated', 'Cheese, mozzarella, low moisture', 'Cheese, monterey', 'Cheese, provolone', 'Cheese, fontina', 'Cheese, brick', 'Cheese, muenster', 'Cheese, cheddar ', 'Cheese, colby', 'Cheese, fresh, queso fresco', 'Cheese food, pasteurized process, American', 'Cheese, provolone, reduced fat', 'Cheese, mozzarella, whole milk', 'Cheese spread, pasteurized process, American', 'Cheese, limburger', 'Cheese, feta', 'Cheese, mexican, queso anejo', 'Cheese, mexican, queso asadero', 'Cheese, mexican, queso chihuahua']
usda#12120	Nuts, hazelnuts or filberts	['Peanuts, all types, oil-roasted', 'Nuts, walnuts, english', 'Seeds, sunflower seed kernels, dry roasted', 'Nuts, pine nuts, dried', 'Nuts, pistachio nuts, dry roasted', 'Nuts, almonds', 'Seeds, pumpkin and squash seed kernels, roasted',  'Nuts, walnuts, black', 'Nuts, pecans']	['Nuts, almonds', 'Nuts, walnuts, black', 'Nuts, pecans']	['Peanuts, all types, oil-roasted', 'Nuts, walnuts, english', 'Seeds, sunflower seed kernels, dry roasted', 'Nuts, pine nuts, dried', 'Nuts, pistachio nuts, dry roasted', 'Nuts, almonds', 'Seeds, pumpkin and squash seed kernels, roasted']
usda#09019	Applesauce, canned, unsweetened	['Plums, canned, purple', 'Peaches, canned, juice pack', 'Pears, canned, juice pack', 'Pears, canned, light syrup pack', 'Peaches, canned, light syrup pack']	['Potatoes, mashed, home-prepared', 'Prune puree', 'Butter, salted', 'Oil, canola', 'Squash, zucchini, baby', 'Fat, chicken', 'Oil, coconut', 'Pears, raw', 'Pumpkin, raw', 'Pepper, banana, raw', 'Strawberries, raw', 'Oil, olive, salad or cooking', 'Yogurt, Greek, 2%fat', 'Abiyuch, raw']	['Plums, canned, purple', 'Ice cream sandwich, made with light ice cream, vanilla', 'Apple juice, canned or bottled, unsweetened', 'Peaches, canned, juice pack', 'Ice cream sandwich', 'Ice cream sandwich, vanilla, light', 'Cherries, tart, dried', 'Blueberries, dried, sweetened', 'Pears, canned, juice pack', 'Pomegranate juice, bottled', 'Peach nectar, canned, with sucralose', 'Pickles, cucumber, sweet ', 'Apples, canned, sweetened', 'Cranberries, dried, sweetened ', 'Pears, raw', 'Pears, canned, heavy syrup pack', 'Pears, canned, light syrup pack', 'Peaches, canned, light syrup pack']
usda#04615	Shortening, vegetable, household	['Oil, peanut, salad or cooking', 'Butter oil, anhydrous', 'Oil, olive, salad or cooking', 'Oil, corn, industrial and retail', 'Lard', 'Oil, walnut', 'Oil, sesame, salad or cooking', 'Margarine-like, margarine-butter blend, soybean oil and butter', 'Oil, coconut', 'Oil, canola']	['Chicken, canned, no broth', 'Soup, stock, chicken']	['Frankfurter, meat and poultry, unheated', 'Oil, peanut, salad or cooking', 'Butter oil, anhydrous', 'Oil, olive, salad or cooking', 'Oil, corn, industrial and retail', 'Lard', 'Salad dressing, honey mustard, regular', 'Oil, walnut', 'Ice cream, bar or stick, chocolate covered', 'Oil, sesame, salad or cooking', 'Ice cream, soft serve, chocolate', 'Margarine-like, margarine-butter blend, soybean oil and butter', 'Oil, coconut', 'Salad dressing, poppyseed, creamy', 'Sausage, pork, chorizo', 'Soup, chicken vegetable with potato and cheese, chunky', 'Salad dressing, mayonnaise, regular', 'Oil, canola', 'Frankfurter, beef, unheated', 'Soup, cream of mushroom, low sodium', 'Pork sausage, link/patty, cooked']
usda#04518	Oil, corn, industrial and retail	['Oil, olive, salad or cooking', 'Oil, sesame, salad or cooking', 'Lard', 'Shortening, vegetable, household', 'Oil, peanut, salad or cooking', 'Butter oil, anhydrous', 'Oil, walnut', 'Oil, canola', 'Oil, coconut', 'Margarine-like, margarine-butter blend, soybean oil and butter']	['Olive loaf, pork', 'Oil, olive, salad or cooking', 'Oil, sesame, salad or cooking']	['Oil, olive, salad or cooking', 'Oil, sesame, salad or cooking', 'Lard', 'Frankfurter, meat and poultry, unheated', 'Shortening, vegetable, household', 'Oil, peanut, salad or cooking', 'Butter oil, anhydrous', 'Oil, walnut', 'Salad dressing, honey mustard, regular', 'Oil, canola', 'Oil, coconut', 'Ice cream, bar or stick, chocolate covered', 'Frankfurter, beef, unheated', 'Salad dressing, poppyseed, creamy', 'Ice cream, soft serve, chocolate', 'Margarine-like, margarine-butter blend, soybean oil and butter', 'Sausage, pork, chorizo', 'Soup, chicken vegetable with potato and cheese, chunky', 'Salad dressing, mayonnaise, regular', 'Soup, cream of mushroom, low sodium', 'Pork sausage, link/patty, cooked']
usda#01009	Cheese, cheddar	['Cheese, parmesan, grated', 'Cheese, fontina', 'Cheese, monterey', 'Cheese, provolone', 'Cheese, colby', 'Cheese, swiss', 'Cheese, low-sodium, cheddar or colby', 'Cheese, mozzarella, low moisture', 'Cheese, pasteurized process, pimento', 'Cheese, fresh, queso fresco', 'Cheese, brick', 'Cheese food, pasteurized process, American', 'Cheese, muenster', 'Cheese, provolone, reduced fat', 'Cheese, mozzarella, whole milk', 'Cheese, limburger', 'Cheese spread, pasteurized process, American', 'Cheese, feta', 'Cheese, mexican, queso anejo', 'Cheese, mexican, queso asadero', 'Cheese, mexican, queso chihuahua', 'Cheese, blue']	['Cheese, monterey', 'Cheese, blue']	['Cheese, parmesan, grated', 'Cheese, fontina', 'Cheese, monterey', 'Cheese, provolone', 'Cheese, colby', 'Cheese, swiss', 'Cheese, low-sodium, cheddar or colby', 'Cheese, mozzarella, low moisture', 'Cheese, pasteurized process, pimento', 'Cheese, fresh, queso fresco', 'Cheese, brick', 'Cheese food, pasteurized process, American', 'Cheese, muenster', 'Cheese, provolone, reduced fat', 'Cheese, mozzarella, whole milk', 'Cheese, limburger', 'Cheese spread, pasteurized process, American', 'Cheese, feta', 'Cheese, mexican, queso anejo', 'Cheese, mexican, queso asadero', 'Cheese, mexican, queso chihuahua']
usda#11477	Squash, summer, zucchini	['Squash, summer, all varieties', 'Yambean, raw', 'Turnips, raw', 'Rutabagas, raw', 'Brussels sprouts, raw', 'Broccoli, raw', 'Kohlrabi, raw', 'Cauliflower, green, raw', 'Eggplant, raw', 'Squash, summer, scallop']	['Spices, pepper, black', 'Beans, shellie, canned', 'Eggplant, raw', 'Beans, black, mature seeds', 'Broccoli, raw', 'Ham, sliced, pre-packaged', 'Blueberries, raw', 'Cauliflower, raw', 'Peppers, sweet, green', 'Nance, canned, syrup', 'Cucumber, peeled, raw', 'Mushrooms, shiitake, raw', 'Squash, summer, scallop', 'Arugula, raw', 'Bananas, raw']	['Tomatoes, red, ripe', 'Squash, summer, all varieties', 'Yambean, raw', 'Turnips, raw', 'Cabbage, raw', 'Melons, honeydew, raw', 'Limes, raw', 'Cabbage, chinese, raw', 'Tomato juice, canned, with salt added', 'Rutabagas, raw', 'Cress, garden, raw', 'Vegetable juice cocktail, canned', 'Mustard greens, raw', 'Tomato juice, canned, without salt added', 'Papayas, raw', 'Grapefruit, raw, pink and red and white', 'Brussels sprouts, raw', 'Broccoli, raw', 'Currants, red and white, raw', 'Kohlrabi, raw', 'Lemons, raw, without peel', 'Lemon juice, raw', 'Cauliflower, green, raw', 'Tomatoes, green, raw', 'Lemon juice from concentrate, canned or bottled', 'Cabbage, red, raw']
usda#01011	Cheese, colby	['Cheese, low-sodium, cheddar or colby', 'Cheese, monterey', 'Cheese, parmesan, grated', 'Cheese, fontina', 'Cheese, muenster', 'Cheese, provolone', 'Cheese, pasteurized process, pimento', 'Cheese, cheddar ', 'Cheese, brick', 'Cheese, swiss', 'Cheese, provolone, reduced fat', 'Cheese, mozzarella, low moisture', 'Cheese food, pasteurized process, American', 'Cheese, fresh, queso fresco', 'Cheese, mozzarella, whole milk', 'Cheese spread, pasteurized process, American', 'Cheese, limburger', 'Cheese, feta', 'Cheese, mexican, queso asadero', 'Cheese, mexican, queso chihuahua', 'Cheese, mexican, queso anejo', 'Cheese, blue']	['Cheese, blue']	['Cheese, low-sodium, cheddar or colby', 'Cheese, monterey', 'Cheese, parmesan, grated', 'Cheese, fontina', 'Cheese, muenster', 'Cheese, provolone', 'Cheese, pasteurized process, pimento', 'Cheese, cheddar ', 'Cheese, brick', 'Cheese, swiss', 'Cheese, provolone, reduced fat', 'Cheese, mozzarella, low moisture', 'Cheese food, pasteurized process, American', 'Cheese, fresh, queso fresco', 'Cheese, mozzarella, whole milk', 'Cheese spread, pasteurized process, American', 'Cheese, limburger', 'Cheese, feta', 'Cheese, mexican, queso asadero', 'Cheese, mexican, queso chihuahua', 'Cheese, mexican, queso anejo']
usda#01020	Cheese, fontina	['Cheese, parmesan, grated', 'Cheese, brick', 'Cheese, colby', 'Cheese, cheddar ', 'Cheese, swiss', 'Cheese, low-sodium, cheddar or colby', 'Cheese, monterey', 'Cheese, provolone', 'Cheese, pasteurized process, pimento', 'Cheese, muenster', 'Cheese, fresh, queso fresco', 'Cheese, mozzarella, low moisture', 'Cheese, provolone, reduced fat', 'Cheese, mozzarella, whole milk', 'Cheese food, pasteurized process, American', 'Cheese spread, pasteurized process, American', 'Cheese, limburger', 'Cheese, feta', 'Cheese, mexican, queso chihuahua', 'Cheese, mexican, queso asadero', 'Cheese, mexican, queso anejo', 'Cheese, feta', 'Cheese, white, queso blanco', 'Cheese, blue', 'Cheese, edam']	['Cheese, feta', 'Cheese, white, queso blanco', 'Cheese, blue', 'Cheese, edam']	['Cheese, parmesan, grated', 'Cheese, brick', 'Cheese, colby', 'Cheese, cheddar ', 'Cheese, swiss', 'Cheese, low-sodium, cheddar or colby', 'Cheese, monterey', 'Cheese, provolone', 'Cheese, pasteurized process, pimento', 'Cheese, muenster', 'Cheese, fresh, queso fresco', 'Cheese, mozzarella, low moisture', 'Cheese, provolone, reduced fat', 'Cheese, mozzarella, whole milk', 'Cheese food, pasteurized process, American', 'Cheese spread, pasteurized process, American', 'Cheese, limburger', 'Cheese, feta', 'Cheese, mexican, queso chihuahua', 'Cheese, mexican, queso asadero', 'Cheese, mexican, queso anejo']
usda#09184	Melons, honeydew, raw	['Currants, red and white, raw', 'Grapefruit, raw, pink and red and white', 'Papayas, raw', 'Watermelon, raw']	['Watermelon, raw']	['Cabbage, raw', 'Cabbage, chinese, raw', 'Rutabagas, raw', 'Cress, garden, raw', 'Turnips, raw', 'Mustard greens, raw', 'Yambean, raw', 'Tomatoes, green, raw', 'Cauliflower, green, raw', 'Currants, red and white, raw', 'Tomato juice, canned, with salt added', 'Vegetable juice cocktail, canned', 'Cabbage, red, raw', 'Squash, summer, zucchini', 'Grapefruit, raw, pink and red and white', 'Broccoli, raw', 'Lemons, raw, without peel', 'Lemon juice, raw', 'Squash, summer, all varieties', 'Lemon juice from concentrate, canned or bottled', 'Brussels sprouts, raw', 'Papayas, raw', 'Kohlrabi, raw', 'Tomatoes, red, ripe', 'Tomato juice, canned, without salt added', 'Limes, raw']
usda#11821	Peppers, sweet, red	['Pepper, banana, raw', 'Peppers, sweet, green']	['Cranberries, raw', 'Spices, pepper, black', 'Seasoning mix, dry, sazon', 'Peppers, sweet, green', 'Mushrooms, shiitake, raw']	['Pepper, banana, raw', 'Melons, cantaloupe, raw']
usda#09302	Raspberries, raw	['Loganberries, frozen', 'Blackberries, raw', 'Strawberries, raw', 'Raspberries, canned, red', 'Boysenberries, frozen, unsweetened', 'Strawberries, frozen, unsweetened ', 'Blueberries, raw']	['Strawberries, frozen, unsweetened ', 'Blueberries, raw', 'Blackberries, raw', 'Strawberries, raw']	['Loganberries, frozen', 'Blackberries, raw', 'Strawberries, raw', 'Raspberries, canned, red', 'Boysenberries, frozen, unsweetened']
usda#01238	Ice cream sandwich	['Ice cream sandwich, made with light ice cream, vanilla', 'Ice cream sandwich, vanilla, light', 'Milk dessert bar, frozen, made from lowfat milk']	['Ice cream sandwich, vanilla, light', 'Ice cream sandwich', 'Pepper, banana, raw']	['Plums, canned, purple', 'Ice cream sandwich, made with light ice cream, vanilla', 'Applesauce, canned, unsweetened', 'Apple juice, canned or bottled, unsweetened', 'Peaches, canned, juice pack', 'Ice cream sandwich, vanilla, light', 'Pears, canned, juice pack', 'Blueberries, dried, sweetened', 'Cherries, tart, dried', 'Cranberries, dried, sweetened ', 'Pears, canned, heavy syrup pack', 'Milk dessert bar, frozen, made from lowfat milk', 'Pomegranate juice, bottled']
usda#09181	Melons, cantaloupe, raw	['Pears, raw, bosc ']	['Pears, raw, bosc ']	['Dandelion greens, raw', 'Carrots, raw', 'Peppers, sweet, red']
usda#04042	Oil, peanut, salad or cooking	['Lard', 'Shortening, vegetable, household', 'Oil, olive, salad or cooking', 'Oil, corn, industrial and retail', 'Oil, sesame, salad or cooking', 'Butter oil, anhydrous', 'Oil, walnut', 'Oil, canola', 'Oil, coconut', 'Margarine-like, margarine-butter blend, soybean oil and butter', 'Oil, vegetable, soybean']	['Seeds, sesame seeds, whole', 'Oil, sesame, salad or cooking', 'Oil, canola', 'Olive loaf, pork', 'Oil, coconut', 'Oil, vegetable, soybean', 'Oil, olive, salad or cooking']	['Lard', 'Shortening, vegetable, household', 'Oil, olive, salad or cooking', 'Ice cream, bar or stick, chocolate covered', 'Oil, corn, industrial and retail', 'Oil, sesame, salad or cooking', 'Butter oil, anhydrous', 'Salad dressing, honey mustard, regular', 'Oil, walnut', 'Frankfurter, meat and poultry, unheated', 'Oil, canola', 'Frankfurter, beef, unheated', 'Oil, coconut', 'Salad dressing, poppyseed, creamy', 'Margarine-like, margarine-butter blend, soybean oil and butter', 'Ice cream, soft serve, chocolate', 'Soup, chicken vegetable with potato and cheese, chunky', 'Sausage, pork, chorizo', 'Salad dressing, mayonnaise, regular', 'Pork sausage, link/patty, cooked', 'Soup, cream of mushroom, low sodium', 'Salad dressing, french dressing, commercial', 'Salad dressing, sesame seed dressing, regular', 'Cheese, gouda']
usda#09079	Cranberries, dried, sweetened	['Apples, canned, sweetened', 'Pears, canned, juice pack', 'Blueberries, dried, sweetened', 'Papaya nectar, canned', 'Peaches, canned, light syrup pack', 'Pears, canned, light syrup pack', 'Peaches, canned, juice pack', 'Peaches, canned, heavy syrup pack', 'Pear nectar, canned, without added ascorbic acid', 'Pears, canned, heavy syrup pack', 'Pears, canned, heavy syrup', 'Peaches, canned, heavy syrup', 'Plums, canned, heavy syrup', 'Pears, raw', 'Plums, canned, purple', 'Raisins, golden, seedless', 'Blueberries, raw', 'Raisins, seeded', 'Cherries, tart, dried']	['Raisins, golden, seedless', 'Blueberries, raw', 'Basil, fresh', 'Peanuts, spanish, raw', 'Raisins, seeded', 'Nuts, pecans']	['Pickles, cucumber, sweet ', 'Apples, canned, sweetened', 'Pomegranate juice, bottled', 'Pears, canned, juice pack', 'Peach nectar, canned, with sucralose', 'Cherries, tart, dried', 'Blueberries, dried, sweetened', 'Papaya nectar, canned', 'Ice cream sandwich, vanilla, light', 'Peaches, canned, light syrup pack', 'Pears, canned, light syrup pack', 'Peaches, canned, juice pack', 'Peaches, canned, heavy syrup pack', 'Pear nectar, canned, without added ascorbic acid', 'Pears, canned, heavy syrup pack', 'Apple juice, canned or bottled, unsweetened', 'Pears, canned, heavy syrup', 'Peaches, canned, heavy syrup', 'Plums, canned, heavy syrup', 'Applesauce, canned, unsweetened', 'Milk dessert bar, frozen, made from lowfat milk', 'Pears, raw', 'Plums, canned, purple', 'Ice cream sandwich']
usda#09163	Blueberries, dried, sweetened	['Pears, canned, juice pack', 'Peach nectar, canned, with sucralose', 'Apples, canned, sweetened', 'Cranberries, dried, sweetened ', 'Peaches, canned, juice pack', 'Papaya nectar, canned', 'Plums, canned, purple', 'Applesauce, canned, unsweetened', 'Peaches, canned, light syrup pack', 'Pears, canned, light syrup pack', 'Pears, canned, heavy syrup', 'Pear nectar, canned, without added ascorbic acid', 'Fruit cocktail, canned, heavy syrup', 'Peaches, canned, heavy syrup', 'Plums, canned, heavy syrup', 'Raisins, seeded', 'Cherries, tart, dried']	['Raisins, seeded']	['Pears, canned, juice pack', 'Pomegranate juice, bottled', 'Peach nectar, canned, with sucralose', 'Cherries, tart, dried', 'Apples, canned, sweetened', 'Ice cream sandwich, vanilla, light', 'Cranberries, dried, sweetened ', 'Pickles, cucumber, sweet ', 'Peaches, canned, juice pack', 'Apple juice, canned or bottled, unsweetened', 'Papaya nectar, canned', 'Plums, canned, purple', 'Applesauce, canned, unsweetened', 'Peaches, canned, light syrup pack', 'Pears, canned, light syrup pack', 'Ice cream sandwich, made with light ice cream, vanilla', 'Pears, canned, heavy syrup', 'Pear nectar, canned, without added ascorbic acid', 'Ice cream sandwich', 'Fruit cocktail, canned', 'Peaches, canned, heavy syrup', 'Plums, canned, heavy syrup']
usda#09044	Cherries, tart, dried	['Pears, canned, juice pack', 'Blueberries, dried, sweetened', 'Cranberries, dried, sweetened ', 'Peaches, canned, juice pack', 'Apples, canned, sweetened', 'Papaya nectar, canned', 'Applesauce, canned, unsweetened', 'Pears, canned, light syrup pack', 'Peaches, canned, light syrup pack', 'Plums, canned, purple', 'Pears, canned, heavy syrup', 'Pear nectar, canned, without added ascorbic acid', 'Plums, canned, heavy syrup', 'Peaches, canned, heavy syrup pack', 'Pears, canned, heavy syrup pack', 'Peaches, canned, heavy syrup']	['Raisins, seeded']	['Pears, canned, juice pack', 'Blueberries, dried, sweetened', 'Cranberries, dried, sweetened ', 'Ice cream sandwich, vanilla, light', 'Peach nectar, canned, with sucralose', 'Pomegranate juice, bottled', 'Peaches, canned, juice pack', 'Apples, canned, sweetened', 'Pickles, cucumber, sweet ', 'Papaya nectar, canned', 'Applesauce, canned, unsweetened', 'Apple juice, canned or bottled, unsweetened', 'Pears, canned, light syrup pack', 'Peaches, canned, light syrup pack', 'Plums, canned, purple', 'Pears, canned, heavy syrup', 'Pear nectar, canned, without added ascorbic acid', 'Ice cream sandwich, made with light ice cream, vanilla', 'Plums, canned, heavy syrup', 'Peaches, canned, heavy syrup pack', 'Pears, canned, heavy syrup pack', 'Peaches, canned, heavy syrup', 'Ice cream sandwich']
usda#11112	Cabbage, red, raw	['Tomatoes, green, raw', 'Cauliflower, green, raw', 'Rutabagas, raw', 'Mustard greens, raw', 'Cress, garden, raw', 'Cabbage, chinese, raw', 'Broccoli, raw', 'Brussels sprouts, raw', 'Cabbage, raw', 'Kohlrabi, raw', 'Yambean, raw', 'Turnips, raw', 'Tomatoes, red, ripe']	['Cabbage, raw']	['Tomatoes, green, raw', 'Currants, red and white, raw', 'Cauliflower, green, raw', 'Rutabagas, raw', 'Mustard greens, raw', 'Cress, garden, raw', 'Cabbage, chinese, raw', 'Lemon juice from concentrate, canned or bottled', 'Melons, honeydew, raw', 'Broccoli, raw', 'Brussels sprouts, raw', 'Tomato juice, canned, with salt added', 'Lemon juice, raw', 'Lemons, raw, without peel', 'Papayas, raw', 'Cabbage, raw', 'Grapefruit, raw, pink and red and white', 'Tomato juice, canned, without salt added', 'Vegetable juice cocktail, canned', 'Kohlrabi, raw', 'Yambean, raw', 'Turnips, raw', 'Squash, summer, zucchini', 'Squash, summer, all varieties', 'Tomatoes, red, ripe', 'Limes, raw']
usda#11241	Kohlrabi, raw	['Broccoli, raw', 'Brussels sprouts, raw', 'Cauliflower, green, raw', 'Rutabagas, raw', 'Cabbage, chinese, raw', 'Tomatoes, green, raw', 'Cress, garden, raw', 'Cabbage, red, raw', 'Cabbage, raw', 'Yambean, raw', 'Mustard greens, raw', 'Squash, summer, zucchini', 'Turnips, raw', 'Tomatoes, red, ripe', 'Squash, summer, all varieties']	['Turnip greens, raw']	['Tomato juice, canned, with salt added', 'Papayas, raw', 'Broccoli, raw', 'Lemon juice, raw', 'Tomato juice, canned, without salt added', 'Vegetable juice cocktail, canned', 'Grapefruit, raw, pink and red and white', 'Lemons, raw, without peel', 'Brussels sprouts, raw', 'Lemon juice from concentrate, canned or bottled', 'Cauliflower, green, raw', 'Currants, red and white, raw', 'Rutabagas, raw', 'Cabbage, chinese, raw', 'Melons, honeydew, raw', 'Tomatoes, green, raw', 'Cress, garden, raw', 'Cabbage, red, raw', 'Cabbage, raw', 'Yambean, raw', 'Mustard greens, raw', 'Squash, summer, zucchini', 'Turnips, raw', 'Tomatoes, red, ripe', 'Squash, summer, all varieties', 'Limes, raw']
usda#09218	Tangerines, raw	['Tangerine juice, raw', 'Grapefruit, sections, canned', 'Tangerines, canned', 'Oranges, raw, all commercial varieties', 'Litchis, raw']	['Oranges, raw, California']	['Tangerine juice, raw', 'Grapefruit, sections, canned', 'Mango nectar, canned', 'Orange juice, chilled, includes from concentrate', 'Tangerines, canned', 'Oranges, raw, all commercial varieties', 'Juice, apple and grape blend, with added ascorbic acid', 'Grapefruit juice, white, canned or bottled', 'Grapefruit juice, white, raw', 'Lime juice, raw', 'Guanabana nectar, canned', 'Litchis, raw', 'Tomatoes, green, raw']
usda#11540	Tomato juice, canned, with salt added	['Tomato juice, canned, without salt added', 'Vegetable juice cocktail, canned', 'Tomatoes, green, raw', 'Tomatoes, red, ripe', 'Tomato products, canned, paste']	['Tomato products, canned, paste']	['Tomato juice, canned, without salt added', 'Vegetable juice cocktail, canned', 'Kohlrabi, raw', 'Lemons, raw, without peel', 'Lemon juice, raw', 'Papayas, raw', 'Broccoli, raw', 'Grapefruit, raw, pink and red and white', 'Lemon juice from concentrate, canned or bottled', 'Brussels sprouts, raw', 'Cabbage, chinese, raw', 'Melons, honeydew, raw', 'Rutabagas, raw', 'Cauliflower, green, raw', 'Cabbage, raw', 'Currants, red and white, raw', 'Cress, garden, raw', 'Cabbage, red, raw', 'Tomatoes, green, raw', 'Mustard greens, raw', 'Squash, summer, zucchini', 'Yambean, raw', 'Tomatoes, red, ripe', 'Squash, summer, all varieties', 'Turnips, raw', 'Limes, raw']
usda#11578	Vegetable juice cocktail, canned	['Tomato juice, canned, with salt added', 'Tomato juice, canned, without salt added', 'Kohlrabi, raw', 'Broccoli, raw', 'Cabbage, chinese, raw', 'Brussels sprouts, raw', 'Cauliflower, green, raw', 'Rutabagas, raw', 'Cabbage, raw', 'Cress, garden, raw', 'Cabbage, red, raw', 'Tomatoes, green, raw', 'Yambean, raw', 'Squash, summer, zucchini', 'Mustard greens, raw', 'Squash, summer, all varieties', 'Tomatoes, red, ripe', 'Turnips, raw']	['Soup, beef broth, bouillon']	['Tomato juice, canned, with salt added', 'Lemons, raw, without peel', 'Lemon juice, raw', 'Tomato juice, canned, without salt added', 'Papayas, raw', 'Kohlrabi, raw', 'Broccoli, raw', 'Grapefruit, raw, pink and red and white', 'Lemon juice from concentrate, canned or bottled', 'Cabbage, chinese, raw', 'Brussels sprouts, raw', 'Melons, honeydew, raw', 'Cauliflower, green, raw', 'Rutabagas, raw', 'Cabbage, raw', 'Cress, garden, raw', 'Currants, red and white, raw', 'Cabbage, red, raw', 'Tomatoes, green, raw', 'Yambean, raw', 'Squash, summer, zucchini', 'Mustard greens, raw', 'Squash, summer, all varieties', 'Tomatoes, red, ripe', 'Limes, raw', 'Turnips, raw']
usda#07968	Kielbasa, fully cooked, grilled	['Luncheon meat, pork with ham, minced', 'Egg, whole, cooked', 'Chicken patty, frozen, cooked', 'Sausage, smoked link sausage, pork', 'Sausage, turkey, pork', 'Sausage, breakfast sausage, beef']	['Sausage, smoked link sausage, pork', 'Sausage, turkey, pork', 'Sausage, breakfast sausage, beef']	['Cheese, ricotta, whole milk', 'Luncheon meat, pork with ham, minced', 'Egg, whole, cooked', 'Chicken patty, frozen, cooked', 'Dessert topping, semi solid, frozen']
usda#06116	Gravy, beef, canned	['Gravy, meat or poultry, low sodium', 'Tofu, soft, prepared with calcium sulfate and magnesium chloride ']	['Soup, chicken, canned', 'Soup, onion, canned']	['Gravy, meat or poultry, low sodium', 'Tofu, soft, prepared with calcium sulfate and magnesium chloride ']
usda#09352	Blueberries, canned, light syrup	[]	['Ham, honey, smoked', 'Nance, canned, syrup']	[]
usda#11977	Peppers, serrano, raw	['Pepper, banana, raw', 'Peppers, sweet, green', 'Peppers, jalapeno, canned']	['Peppers, jalapeno, canned']	['Melons, casaba, raw', 'Pepper, banana, raw', 'Peppers, sweet, green']
usda#11304	Peas, green, raw	['Edamame, frozen, unprepared']	['Edamame, frozen, unprepared']	['Soup, bean & ham, canned', 'Blackberries, raw', 'Raspberries, frozen, red']
usda#01085	Milk, nonfat, fluid	['Milk, reduced fat, fluid', 'Milk, lowfat, fluid', 'Milk, buttermilk, fluid', 'Milk, low sodium, fluid']	['Milk, filled, fluid']	['Milk, reduced fat, fluid', 'Milk, lowfat, fluid', 'Milk, whole, 3.25% milkfat', 'Milk, dry, whole', 'Cheese, Mexican, blend', 'Milk, buttermilk, fluid', 'Milk, low sodium, fluid', 'Cheese, cheddar, nonfat or fat free', 'Cheese, Swiss, nonfat or fat free']
usda#11116	Cabbage, chinese, raw	['Cress, garden, raw', 'Mustard greens, raw', 'Rutabagas, raw', 'Cabbage, raw', 'Cabbage, red, raw', 'Cauliflower, green, raw', 'Tomatoes, green, raw', 'Yambean, raw', 'Turnips, raw', 'Broccoli, raw', 'Squash, summer, zucchini', 'Brussels sprouts, raw', 'Kohlrabi, raw', 'Squash, summer, all varieties', 'Tomatoes, red, ripe', 'Chard, swiss, raw']	['Chard, swiss, raw']	['Cress, garden, raw', 'Melons, honeydew, raw', 'Mustard greens, raw', 'Rutabagas, raw', 'Cabbage, raw', 'Currants, red and white, raw', 'Cabbage, red, raw', 'Cauliflower, green, raw', 'Tomato juice, canned, with salt added', 'Tomatoes, green, raw', 'Yambean, raw', 'Vegetable juice cocktail, canned', 'Grapefruit, raw, pink and red and white', 'Lemon juice, raw', 'Lemon juice from concentrate, canned or bottled', 'Turnips, raw', 'Lemons, raw, without peel', 'Tomato juice, canned, without salt added', 'Papayas, raw', 'Broccoli, raw', 'Squash, summer, zucchini', 'Brussels sprouts, raw', 'Kohlrabi, raw', 'Squash, summer, all varieties', 'Tomatoes, red, ripe', 'Limes, raw']
usda#09268	Pineapple, canned, juice pack	['Pineapple, canned, water pack', 'Pineapple, canned, light syrup pack', 'Pineapple, canned, heavy syrup pack', 'Pineapple, raw, all varieties', 'Kiwifruit, green, raw', 'Litchis, raw', 'Strawberries, frozen, unsweetened ', 'Carambola, raw', 'Blackberries, raw']	['Lime juice, raw']	['Pineapple, canned, water pack', 'Pineapple, canned, light syrup pack', 'Pineapple, canned, heavy syrup pack', 'Pineapple, raw, all varieties', 'Kiwifruit, green, raw', 'Litchis, raw', 'Strawberries, frozen, unsweetened ', 'Split pea soup, canned, reduced sodium', 'Kale, raw', 'Blackberry juice, canned', 'Grape juice, canned or bottled, unsweetened', 'Orange Pineapple Juice Blend', 'Carambola, raw', 'Blackberries, raw']
usda#07058	Pickle and pimiento loaf, pork	['Frankfurter, chicken', 'Mortadella, beef, pork', 'Pork sausage, link/patty, cooked', 'Frankfurter, beef, unheated']	['Capers, canned']	['Salad dressing, sesame seed dressing, regular', 'Salad dressing, ranch dressing, regular', 'Cheese, camembert', 'Frankfurter, chicken', 'Salad dressing, french dressing, commercial', 'Mortadella, beef, pork', 'Cheese, gouda', 'Salad dressing, blue or roquefort cheese dressing, commercial', 'Pork sausage, link/patty, cooked', 'Cheese, Mexican blend', 'Oil, peanut, salad or cooking', 'Butter, light, stick', 'Frankfurter, beef, unheated', 'Ice cream, bar or stick, chocolate covered', 'Shortening, vegetable, household', 'Cheese, brie', 'Oil, canola']
usda#01256	Yogurt, Greek, plain	['Cream, sour, cultured']	['Cream, sour, cultured']	['Fish, scup, raw', 'Beef, cured, pastrami', 'Fish, halibut, Atlantic and Pacific', 'Fish, salmon, pink', 'Mollusks, clam, mixed species']
usda#09096	Fruit cocktail, canned	['Pears, raw', 'Cherries, sweet, raw', 'Pears, canned, juice pack', 'Peaches, canned, juice pack']	['Candied fruit']	['Milk, canned, condensed', 'Pears, raw', 'Cherries, sweet, raw', 'Milk dessert bar, frozen, made from lowfat milk', 'Peach nectar, canned, with sucralose', 'Pears, canned, juice pack', 'Blueberries, dried, sweetened', 'Pear nectar, canned, without added ascorbic acid', 'Peaches, canned, heavy syrup pack', 'Peaches, canned, juice pack', 'Apple juice, canned or bottled, unsweetened']
usda#09243	Peaches, spiced, canned	['Apricots, canned, light syrup pack', 'Figs, canned, light syrup pack', 'Fruit cocktail, canned, heavy syrup', 'Figs, canned, water pack', 'Cherries, sweet, canned', 'Grapes, red or green ', 'Apricots, canned, heavy syrup pack', 'Kiwifruit, green, raw', 'Figs, canned, heavy syrup pack']	['Squash, zucchini, baby']	['Apricots, canned, light syrup pack', 'Figs, canned, light syrup pack', 'Fruit cocktail, canned, heavy syrup', 'Apricot nectar, canned, with added ascorbic acid', 'Figs, canned, water pack', 'Cherries, sweet, canned', 'Grapes, red or green ', 'Apricots, canned, heavy syrup pack', 'Mushrooms, white, raw', 'Kiwifruit, green, raw', 'Figs, canned, heavy syrup pack']
usda#11098	Brussels sprouts, raw	['Broccoli, raw', 'Kohlrabi, raw', 'Cauliflower, green, raw', 'Cabbage, red, raw', 'Tomatoes, green, raw', 'Rutabagas, raw', 'Cabbage, chinese, raw', 'Cress, garden, raw', 'Cabbage, raw', 'Mustard greens, raw', 'Yambean, raw', 'Squash, summer, zucchini', 'Tomatoes, red, ripe', 'Turnips, raw', 'Squash, summer, all varieties', 'Arugula, raw']	['Arugula, raw']	['Broccoli, raw', 'Lemon juice from concentrate, canned or bottled', 'Grapefruit, raw, pink and red and white', 'Papayas, raw', 'Lemon juice, raw', 'Lemons, raw, without peel', 'Kohlrabi, raw', 'Cauliflower, green, raw', 'Tomato juice, canned, with salt added', 'Tomato juice, canned, without salt added', 'Vegetable juice cocktail, canned', 'Currants, red and white, raw', 'Cabbage, red, raw', 'Tomatoes, green, raw', 'Rutabagas, raw', 'Cabbage, chinese, raw', 'Cress, garden, raw', 'Melons, honeydew, raw', 'Cabbage, raw', 'Mustard greens, raw', 'Yambean, raw', 'Squash, summer, zucchini', 'Tomatoes, red, ripe', 'Turnips, raw', 'Squash, summer, all varieties', 'Limes, raw']
usda#11940	Pickles, cucumber, sweet	['Capers, canned']	['Cranberry-orange relish, canned', 'Capers, canned']	['Peach nectar, canned, with sucralose', 'Apples, canned, sweetened', 'Cranberries, dried, sweetened ', 'Papaya nectar, canned', 'Pomegranate juice, bottled', 'Pears, canned, juice pack', 'Blueberries, dried, sweetened', 'Peaches, canned, light syrup pack', 'Cherries, tart, dried', 'Pears, canned, light syrup pack', 'Ice cream sandwich, vanilla, light', 'Pear nectar, canned, without added ascorbic acid', 'Pears, canned, heavy syrup', 'Peaches, canned, heavy syrup', 'Peaches, canned, juice pack', 'Pears, canned, heavy syrup pack', 'Plums, canned, heavy syrup', 'Applesauce, canned, unsweetened', 'Peaches, canned, heavy syrup pack', 'Apple juice, canned or bottled, unsweetened', 'Applesauce, canned, sweetened', 'Plums, canned, purple', 'Fruit cocktail, canned', 'Pears, raw']
usda#11527	Tomatoes, green, raw	['Cabbage, red, raw', 'Cauliflower, green, raw', 'Cress, garden, raw', 'Rutabagas, raw', 'Cabbage, chinese, raw', 'Mustard greens, raw', 'Cabbage, raw', 'Brussels sprouts, raw', 'Broccoli, raw', 'Tomato juice, canned, with salt added', 'Kohlrabi, raw', 'Yambean, raw',  'Tomato juice, canned, without salt added', 'Turnips, raw', 'Squash, summer, all varieties', 'Tomatoes, red, ripe', 'Squash, summer, zucchini']	['Sauce, salsa, ready-to-serve']	['Cabbage, red, raw', 'Currants, red and white, raw', 'Cauliflower, green, raw', 'Cress, garden, raw', 'Rutabagas, raw', 'Melons, honeydew, raw', 'Cabbage, chinese, raw', 'Mustard greens, raw', 'Cabbage, raw', 'Lemon juice from concentrate, canned or bottled', 'Brussels sprouts, raw', 'Grapefruit, raw, pink and red and white', 'Broccoli, raw', 'Lemon juice, raw', 'Tomato juice, canned, with salt added', 'Lemons, raw, without peel', 'Papayas, raw', 'Kohlrabi, raw', 'Yambean, raw', 'Vegetable juice cocktail, canned', 'Tomato juice, canned, without salt added', 'Turnips, raw', 'Squash, summer, all varieties', 'Tomatoes, red, ripe', 'Squash, summer, zucchini', 'Limes, raw']
usda#05000	Chicken, broiler, rotisserie	['Fish, salmon, pink', 'Fish, halibut, Atlantic and Pacific']	['Fat, chicken']	['Fish, salmon, pink', 'Fish, halibut, Atlantic and Pacific']
usda#09298	Raisins, dark, seedless	['Currants, zante, dried', 'Figs, dried, stewed', 'Peaches, dried, sulfured', 'Plums, dried, uncooked', 'Pears, dried, sulfured', 'Bananas, dehydrated, or banana powder', 'Plums, dried, stewed']	['Peaches, spiced, canned']	['Currants, zante, dried', 'Figs, dried, stewed', 'Peaches, dried, sulfured', 'Plums, dried, uncooked', 'Pears, dried, sulfured', 'Bananas, dehydrated, or banana powder', 'Plums, dried, stewed']
usda#09130	Grape juice, canned or bottled, unsweetened	['Orange Pineapple Juice Blend', 'Juice, apple and grape blend, with added ascorbic acid', 'Lime juice, raw', 'Pineapple, canned, juice pack', 'Grapefruit juice, white, raw', 'Tangerine juice, raw', 'Orange juice, chilled, includes from concentrate', 'Grapefruit juice, white, canned or bottled']	['Vinegar, red wine']	['Strawberries, frozen, unsweetened ', 'Orange Pineapple Juice Blend', 'Strawberries, raw', 'Blueberries, frozen, sweetened', 'Pineapple, canned, light syrup pack', 'Juice, apple and grape blend, with added ascorbic acid', 'Oranges, raw, all commercial varieties', 'Pineapple, raw, all varieties', 'Pineapple, canned, water pack', 'Lime juice, raw', 'Pineapple, canned, juice pack', 'Pineapple, canned, heavy syrup pack', 'Strawberries, frozen, sweetened', 'Grapefruit juice, white, raw', 'Tangerines, canned', 'Tangerine juice, raw', 'Blueberries, raw', 'Orange juice, chilled, includes from concentrate', 'Grapefruit juice, white, canned or bottled']