Food id,Food,Food Short,Verified Food substitutions,Similar Food
usda#11090,"Broccoli, raw",broccoli,"['Squash, summer, all varieties', 'Mustard greens, raw', 'Tomatoes, red, ripe', 'Cress, garden, raw', 'Cabbage, red, raw', 'Squash, summer, zucchini', 'Cabbage, chinese, raw', 'Brussels sprouts, raw', 'Rutabagas, raw', 'Dandelion greens, raw', 'Tomatoes, green, raw', 'Kohlrabi, raw', 'Cabbage, raw', 'Peppers, sweet, green', 'Cauliflower, raw']","['Squash, summer, all varieties', 'Mustard greens, raw', 'Tomatoes, red, ripe', 'Cress, garden, raw', 'Cabbage, red, raw', 'Squash, summer, zucchini', 'Cabbage, chinese, raw', 'Brussels sprouts, raw', 'Rutabagas, raw', 'Dandelion greens, raw', 'Tomatoes, green, raw', 'Kohlrabi, raw', 'Cabbage, raw', 'Peppers, sweet, green', 'Cauliflower, raw']"
usda#01040,"Cheese, swiss",swiss cheese,"['Cheese, fontina', 'Cheese, low-sodium, cheddar or colby', 'Cheese, colby', 'Cheese, pasteurized process, pimento', 'Cheese, brick', 'Cheese, cheddar ', 'Cheese, provolone', 'Cheese, monterey', 'Cheese food, pasteurized process, American', 'Cheese, parmesan, grated', 'Cheese, fresh, queso fresco', 'Cheese, mozzarella, low moisture', 'Cheese, muenster', 'Cheese, provolone, reduced fat', 'Cheese, mozzarella, whole milk', 'Cheese spread, pasteurized process, American', 'Cheese, limburger']","['Cheese, fontina', 'Cheese, low-sodium, cheddar or colby', 'Cheese, colby', 'Cheese, pasteurized process, pimento', 'Cheese, brick', 'Cheese, cheddar ', 'Cheese, provolone', 'Cheese, monterey', 'Cheese food, pasteurized process, American', 'Cheese, parmesan, grated', 'Cheese, fresh, queso fresco', 'Cheese, mozzarella, low moisture', 'Cheese, muenster', 'Cheese, provolone, reduced fat', 'Cheese, mozzarella, whole milk', 'Cheese spread, pasteurized process, American', 'Cheese, limburger']"
usda#11445,"Seaweed, kelp, raw",kelp,"['Seaweed, irishmoss, raw', ""Jew's ear, raw"", 'Seaweed, laver, raw', 'Seaweed, agar, raw', 'Seaweed, wakame, raw', 'Seaweed, agar, dried', 'Lotus root, raw', 'Hyacinth-beans, immature seeds, raw', 'Pepeao, dried', 'Leeks, raw', 'Mushrooms, shiitake, dried', 'Lentils, sprouted, raw', 'Drumstick pods, raw', 'Squash, winter, hubbard', 'Beans, kidney, mature seeds', 'Lettuce, iceberg, raw', 'Onions, spring or scallions, raw']","['Seaweed, irishmoss, raw', ""Jew's ear, raw"", 'Seaweed, laver, raw', 'Seaweed, agar, raw', 'Seaweed, wakame, raw', 'Seaweed, agar, dried', 'Lotus root, raw', 'Hyacinth-beans, immature seeds, raw', 'Pepeao, dried', 'Leeks, raw', 'Mushrooms, shiitake, dried', 'Lentils, sprouted, raw', 'Drumstick pods, raw', 'Squash, winter, hubbard', 'Beans, kidney, mature seeds', 'Lettuce, iceberg, raw', 'Onions, spring or scallions, raw']"
usda#15065,"Fish, pollock, Atlantic",pollock,"['Fish, wolffish, Atlantic', 'Fish, salmon, Atlantic', 'Fish, mackerel, Atlantic', 'Fish, croaker, Atlantic', 'Fish, anchovy, european', 'Fish, ocean perch, Atlantic', 'Fish, salmon, chum', 'Fish, cod, Atlantic', 'Fish, yellowtail, mixed species', 'Fish, sucker, white', 'Fish, whitefish, mixed species', 'Fish, butterfish, raw', 'Fish, whiting, mixed species', 'Fish, flatfish , raw', 'Fish, mackerel, spanish', 'Fish, cusk, raw', 'Fish, bluefish, raw', 'Fish, lingcod, raw', 'Fish, grouper, mixed species']","['Fish, wolffish, Atlantic', 'Fish, salmon, Atlantic', 'Fish, mackerel, Atlantic', 'Fish, croaker, Atlantic', 'Fish, anchovy, european', 'Fish, ocean perch, Atlantic', 'Fish, salmon, chum', 'Fish, cod, Atlantic', 'Barley, hulled', 'Fish, yellowtail, mixed species', 'Fish, sucker, white', 'Fish, whitefish, mixed species', 'Fish, butterfish, raw', 'Fish, whiting, mixed species', 'Fish, flatfish , raw', 'Fish, mackerel, spanish', 'Fish, cusk, raw', 'Fish, bluefish, raw', 'Fish, lingcod, raw', 'Fish, grouper, mixed species']"
usda#20076,"Wheat, durum",wheat,"['Wheat, soft red winter', 'Wheat, soft white', 'Wheat, hard red spring', 'Wheat, hard white', 'Wheat, hard red winter', 'Sorghum grain', 'Rye flour, light', 'Rye flour, medium', 'Corn grain, white', 'Rye flour, dark', 'Buckwheat', 'Rye grain', 'Rice, white, long-grain', 'Wheat flour, white, bread', 'Amaranth grain, uncooked', 'Barley, hulled']","['Wheat, soft red winter', 'Wheat, soft white', 'Wheat, hard red spring', 'Wheat, hard white', 'Wheat, hard red winter', 'Sorghum grain', 'Rye flour, light', 'Rye flour, medium', 'Corn grain, white', 'Rye flour, dark', 'Buckwheat', 'Rye grain', 'Rice, white, long-grain', 'Wheat flour, white, bread', 'Amaranth grain, uncooked', 'Barley, hulled']"
usda#09229,"Papaya nectar, canned",papaya,"['Pomegranate juice, bottled', 'Pears, canned, heavy syrup', 'Pears, canned, light syrup pack', 'Peach nectar, canned, with sucralose', 'Peaches, canned, heavy syrup', 'Peaches, canned, light syrup pack']","['Cranberries, dried, sweetened ', 'Ice cream sandwich, vanilla, light', 'Pomegranate juice, bottled', 'Blueberries, dried, sweetened', 'Pears, canned, heavy syrup', 'Pears, canned, light syrup pack', 'Peach nectar, canned, with sucralose', 'Peaches, canned, heavy syrup', 'Ice cream sandwich', 'Peaches, canned, light syrup pack']"
usda#11011,"Asparagus, raw",asparagus,"['Jerusalem-artichokes, raw', 'Peas, green, raw', 'Mushrooms, white, raw', 'Corn, sweet, yellow', 'Pokeberry shoots, raw']","['Jerusalem-artichokes, raw', 'Peas, green, raw', 'Mushrooms, white, raw', 'Corn, sweet, yellow', 'Mollusks, oyster, eastern', 'Pokeberry shoots, raw', 'Soup, bean & ham, canned']"
usda#11676,"Radish seeds, sprouted, raw",radish,"['Radishes, raw', 'Beans, kidney, mature seeds', 'Radishes, white icicle, raw', 'Beans, navy, mature seeds', 'Lentils, sprouted, raw', 'Radishes, oriental, raw', 'Soybeans, mature seeds, sprouted', 'Peas, mature seeds, sprouted', 'Beans, pinto, mature seeds', 'Alfalfa seeds, sprouted, raw', 'Squash, summer, scallop', 'Jute, potherb, raw', 'Pumpkin flowers, raw', 'Salsify, raw', 'Lotus root, raw', 'Shallots, raw', 'Succotash, raw', 'Pumpkin leaves, raw']","['Radishes, raw', 'Beans, kidney, mature seeds', 'Radishes, white icicle, raw', 'Beans, navy, mature seeds', 'Lentils, sprouted, raw', 'Radishes, oriental, raw', 'Soybeans, mature seeds, sprouted', 'Peas, mature seeds, sprouted', 'Beans, pinto, mature seeds', 'Alfalfa seeds, sprouted, raw', 'Squash, summer, scallop', 'Potatoes, flesh and skin, raw', 'Jute, potherb, raw', 'Pumpkin flowers, raw', 'Salsify, raw', 'Lotus root, raw', 'Shallots, raw', 'Succotash, raw', 'Pumpkin leaves, raw']"
usda#20083,"Wheat flour, white, bread",white bread,"['Wheat flour, white, cake', 'Wheat flour, white, all-purpose', 'Semolina, enriched', 'Rye flour, light', 'Cornmeal, yellow, self-rising', 'Cornmeal, white, self-rising', 'Rye flour, dark', 'Rye flour, medium', 'Wheat, soft red winter', 'Corn flour, yellow, masa', 'Wheat, soft white', 'Wheat flour, white, tortilla mix', 'Corn flour, whole-grain, white', 'Arrowroot flour']","['Wheat flour, white, cake', 'Wheat flour, white, all-purpose', 'Semolina, enriched', 'Rye flour, light', 'Cornmeal, yellow, self-rising', 'Cornmeal, white, self-rising', 'Rye flour, dark', 'Rye flour, medium', 'Wheat, soft red winter', 'Corn flour, yellow, masa', 'Wheat, soft white', 'Wheat flour, white, tortilla mix', 'Corn flour, whole-grain, white', 'Arrowroot flour']"
usda#20012,"Bulgur, dry",bulgur,"['Bulgur, cooked', 'Buckwheat groats, roasted, dry', 'Rice, brown, medium-grain', 'Rice, brown, long-grain', 'Buckwheat groats, roasted, cooked', 'Broadbeans, mature seeds, raw', 'Lentils, raw', 'Millet, cooked', 'Chickpeas , mature seeds']","['Bulgur, cooked', 'Buckwheat groats, roasted, dry', 'Rice, brown, medium-grain', 'Rice, brown, long-grain', 'Buckwheat groats, roasted, cooked', 'Broadbeans, mature seeds, raw', 'Lentils, raw', 'Cabbage, cooked, boiled', 'Millet, cooked', 'Chickpeas , mature seeds']"
usda#15004,"Fish, bass, striped",striped bass,"['Fish, tilefish, raw', 'Fish, swordfish, raw', 'Fish, spot, raw', 'Fish, sturgeon, mixed species', 'Fish, mullet, striped', 'Fish, sea bass, mixed species', 'Fish, snapper, mixed species', 'Fish, mackerel, spanish', 'Fish, trout, mixed species', 'Fish, sheepshead, raw', 'Fish, seatrout, mixed species', 'Fish, roughy, orange', 'Fish, shark, mixed species', 'Fish, tilefish, cooked', 'Fish, cod, Pacific', 'Fish, swordfish, cooked', 'Fish, sunfish, pumpkin seed']","['Fish, tilefish, raw', 'Fish, swordfish, raw', 'Fish, spot, raw', 'Fish, sturgeon, mixed species', 'Fish, mullet, striped', 'Fish, sea bass, mixed species', 'Fish, snapper, mixed species', 'Fish, mackerel, spanish', 'Fish, trout, mixed species', 'Fish, sheepshead, raw', 'Fish, seatrout, mixed species', 'Fish, roughy, orange', 'Fish, shark, mixed species', 'Fish, tilefish, cooked', 'Fish, cod, Pacific', 'Fish, swordfish, cooked', 'Fish, sunfish, pumpkin seed']"
usda#15129,"Fish, turbot, european",turbot,"['Fish, pompano, florida', 'Fish, flatfish , raw', 'Fish, bass, fresh water', 'Fish, drum, freshwater', 'Fish, eel, mixed species', 'Fish, salmon, chum', 'Crustaceans, crab, dungeness', 'Fish, mahimahi, raw', 'Fish, cusk, raw', 'Fish, pollock, Alaska', 'Fish, flatfish , cooked', 'Fish, salmon, coho', 'Fish, mackerel, Atlantic', 'Fish, cisco, raw', 'Fish, cod, Pacific', 'Fish, sheepshead, raw', 'Fish, haddock, raw', 'Fish, halibut, Greenland', 'Fish, carp, raw']","['Fish, pompano, florida', 'Fish, flatfish , raw', 'Fish, bass, fresh water', 'Fish, drum, freshwater', 'Fish, eel, mixed species', 'Fish, salmon, chum', 'Crustaceans, crab, dungeness', 'Fish, mahimahi, raw', 'Fish, cusk, raw', 'Fish, pollock, Alaska', 'Fish, flatfish , cooked', 'Fish, salmon, coho', 'Fish, mackerel, Atlantic', 'Fish, cisco, raw', 'Fish, cod, Pacific', 'Fish, sheepshead, raw', 'Fish, haddock, raw', 'Fish, halibut, Greenland', 'Fish, carp, raw']"
usda#11442,"Seaweed, agar, raw",agar,"['Seaweed, agar, dried', 'Seaweed, kelp, raw', 'Seaweed, irishmoss, raw', ""Jew's ear, raw"", 'Seaweed, wakame, raw', 'Seaweed, laver, raw', 'Squash, winter, acorn', 'Balsam-pear, pods, raw', 'Arrowhead, raw', 'Corn, sweet, white', 'Bamboo shoots, raw', 'Alfalfa seeds, sprouted, raw', 'Winged bean leaves, raw', 'Mushrooms, shiitake, dried', 'Drumstick pods, raw', 'Squash, winter, all varieties', 'Broccoli, stalks, raw', 'Pepeao, dried']","['Seaweed, agar, dried', 'Seaweed, kelp, raw', 'Seaweed, irishmoss, raw', ""Jew's ear, raw"", 'Seaweed, wakame, raw', 'Seaweed, laver, raw', 'Squash, winter, acorn', 'Balsam-pear , pods, raw', 'Arrowhead, raw', 'Corn, sweet, white', 'Bamboo shoots, raw', 'Alfalfa seeds, sprouted, raw', 'Winged bean leaves, raw', 'Mushrooms, shiitake, dried', 'Drumstick pods, raw', 'Squash, winter, all varieties', 'Broccoli, stalks, raw', 'Pepeao, dried']"
usda#20066,"Semolina, enriched",semolina,"['Wheat flour, white, cake', 'Wheat flour, white, all-purpose', 'Semolina, unenriched', 'Wheat flour, white, bread', 'Corn flour, yellow, masa', 'Cornmeal, degermed, enriched', 'Rice flour, white, unenriched', 'Rye flour, medium', 'Rye flour, light']","['Wheat flour, white, cake', 'Wheat flour, white, all-purpose', 'Semolina, unenriched', 'Spaghetti, protein-fortified, dry', 'Wheat flour, white, bread', 'Corn flour, yellow, masa', 'Cornmeal, degermed, enriched', 'Pasta, homemade, made without egg', 'Rice flour, white, unenriched', 'Spaghetti, protein-fortified, cooked', 'Pasta, homemade, made with egg', 'Rye flour, medium', 'Rye flour, light']"
usda#11503,"Water convolvulus, raw",water,"['Cabbage, savoy, raw', 'Cabbage, common (danish, domestic)', 'Succotash, raw', 'Lettuce, butterhead , raw', 'Seaweed, spirulina, raw', 'Spinach, raw', 'Cabbage, chinese, raw', 'Squash, winter, spaghetti', 'Lettuce, iceberg, raw', 'Lettuce, cos or romaine, raw', 'Water convolvulus, cooked, boiled', 'Taro, raw', 'Cabbage, red, raw', 'Sweet potato leaves, raw', 'Squash, summer, scallop', 'Soybeans, mature seeds, sprouted']","['Cabbage, savoy, raw', 'Cabbage, common (danish, domestic', 'Succotash, raw', 'Lettuce, butterhead , raw', 'Seaweed, spirulina, raw', 'Spinach, raw', 'Cabbage, chinese, raw', 'Squash, winter, spaghetti', 'Lettuce, iceberg, raw', 'Lettuce, cos or romaine, raw', 'Water convolvulus, cooked, boiled', 'Taro, raw', 'Cabbage, red, raw', 'Sweet potato leaves, raw', 'Squash, summer, scallop', 'Soybeans, mature seeds, sprouted']"
usda#11413,Potato flour,potato,"['Seeds, sesame flour, partially defatted', 'Rice flour, white, unenriched', 'Seeds, sesame flour, low-fat', 'Seeds, sesame meal, partially defatted', 'Seeds, sesame flour, high-fat', 'Arrowroot flour', 'Potatoes, hash brown, frozen', 'Potatoes, scalloped, dry mix', 'Corn flour, whole-grain, white', 'Buckwheat flour, whole-groat', 'Soy flour, low-fat', 'Carob flour', 'Rice flour, brown', 'Corn flour, whole-grain, yellow']","['Seeds, sesame flour, partially defatted', 'Rice flour, white, unenriched', 'Seeds, sesame flour, low-fat', 'Onions, dehydrated flakes', 'Seeds, sesame meal, partially defatted', 'Seeds, sesame flour, high-fat', 'Arrowroot flour', 'Potatoes, hash brown, frozen', 'Potatoes, scalloped, dry mix', 'Corn flour, whole-grain, white', 'Buckwheat flour, whole-groat', 'Soy flour, low-fat', 'Carob flour', 'Rice flour, brown', 'Corn flour, whole-grain, yellow']"
usda#11300,"Peas, edible-podded, raw",sugar,"['Mulberries, raw', 'Rutabagas, raw', 'Tomatoes, red, ripe', 'Cabbage, raw', 'Squash, summer, zucchini', 'Broccoli, raw', 'Parsley, fresh', 'Brussels sprouts, raw', 'Cress, garden, raw', 'Cabbage, red, raw', 'Cabbage, chinese, raw', 'Squash, summer, all varieties']","['Mulberries, raw', 'Rutabagas, raw', 'Tomatoes, red, ripe', 'Cabbage, raw', 'Squash, summer, zucchini', 'Broccoli, raw', 'Parsley, fresh', 'Brussels sprouts, raw', 'Cress, garden, raw', 'Cabbage, red, raw', 'Cabbage, chinese, raw', 'Squash, summer, all varieties']"
usda#04053,"Oil, olive, salad or cooking",olive oil,"['Margarine-like, margarine-butter blend, soybean oil and butter', 'Butter oil, anhydrous', 'Oil, sesame, salad or cooking', 'Oil, walnut', 'Lard', 'Oil, corn, industrial and retail', 'Oil, coconut']","['Margarine-like, margarine-butter blend, soybean oil and butter', 'Butter oil, anhydrous', 'Oil, sesame, salad or cooking', 'Salad dressing, mayonnaise, regular', 'Oil, walnut', 'Lard', 'Oil, corn, industrial and retail', 'Frankfurter, meat and poultry, unheated', 'Sausage, pork, chorizo', 'Salad dressing, poppyseed, creamy', 'Oil, coconut', 'Ice cream, soft serve, chocolate', 'Salad dressing, honey mustard, regular']"
usda#11156,"Chives, raw",chives,"['Coriander leaves, raw', 'Collards, raw', 'Chicory greens, raw', 'Cowpeas, leafy tips, raw', 'Chives, freeze-dried', 'Chicory roots, raw', 'Chicory, witloof, raw', 'Ginger root, raw', 'Lambsquarters, raw', 'Endive, raw', 'Turnip greens, raw', 'Winged bean leaves, raw', 'Cornsalad, raw', 'Dock, raw', 'Beet greens, raw', 'Drumstick leaves, raw', 'Mustard spinach, raw']","['Coriander leaves, raw', 'Collards, raw', 'Chicory greens, raw', 'Cowpeas, leafy tips, raw', 'Chives, freeze-dried', 'Chicory roots, raw', 'Chicory, witloof, raw', 'Ginger root, raw', 'Lambsquarters, raw', 'Endive, raw', 'Turnip greens, raw', 'Winged bean leaves, raw', 'Cornsalad, raw', 'Dock, raw', 'Beet greens, raw', 'Drumstick leaves, raw', 'Mustard spinach, raw']"
usda#15175,"Mollusks, squid, mixed species",squid,"['Mollusks, octopus, common', 'Mollusks, oyster, eastern', 'Mollusks, scallop, mixed species', 'Mollusks, clam, mixed species', 'Mushrooms, white, raw', 'Egg, whole, raw', 'Jerusalem-artichokes, raw', 'Fish, haddock, smoked', 'Soup, clam chowder, manhattan style', 'Soymilk, nonfat, with added calcium', 'Cheese, cottage, lowfat']","['Mollusks, octopus, common', 'Mollusks, oyster, eastern', 'Mollusks, scallop, mixed species', 'Mollusks, clam, mixed species', 'Mushrooms, white, raw', 'Egg, whole, raw', 'Jerusalem-artichokes, raw', 'Fish, haddock, smoked', 'Soup, clam chowder, manhattan style', 'Soymilk, nonfat, with added calcium', 'Cheese, cottage, lowfat']"
usda#20084,"Wheat flour, white, cake",cake,"['Wheat flour, white, all-purpose', 'Wheat flour, white, bread', 'Semolina, enriched', 'Wheat flour, white, tortilla mix', 'Cornmeal, degermed, enriched', 'Corn flour, yellow, masa', 'Wheat, soft red winter', 'Rice, white, long-grain', 'Rice, white, short-grain', 'Rice, white, medium-grain', 'Cornmeal, yellow, self-rising']","['Wheat flour, white, all-purpose', 'Wheat flour, white, bread', 'Semolina, enriched', 'Wheat flour, white, tortilla mix', 'Cornmeal, degermed, enriched', 'Corn flour, yellow, masa', 'Wheat, soft red winter', 'Rice, white, long-grain', 'Rice, white, short-grain', 'Rice, white, medium-grain', 'Cornmeal, yellow, self-rising']"
usda#20031,"Millet, raw",millet,"['Triticale', 'Pasta, gluten-free, corn', 'Rice, brown, medium-grain', 'Nuts, macadamia nuts, raw', 'Rye grain', 'Quinoa, uncooked', 'Peanuts, spanish, raw', 'Barley, pearled, raw', 'Nuts, chestnuts, japanese', 'Oats ', 'Rice, brown, long-grain', 'Millet, cooked', 'Nuts, hazelnuts or filberts, blanched', 'Noodles, japanese, soba']","['Triticale', 'Pasta, gluten-free, corn', 'Rice, brown, medium-grain', 'Nuts, macadamia nuts, raw', 'Rye grain', 'Quinoa, uncooked', 'Peanuts, spanish, raw', 'Barley, pearled, raw', 'Nuts, chestnuts, japanese', 'Oats ', 'Rice, brown, long-grain', 'Millet, cooked', 'Nuts, hazelnuts or filberts, blanched', 'Noodles, japanese, soba']"
usda#04042,"Oil, peanut, salad or cooking",peanut oil,"['Butter oil, anhydrous', 'Oil, corn, industrial and retail', 'Oil, coconut', 'Margarine-like, margarine-butter blend, soybean oil and butter', 'Oil, walnut', 'Shortening, vegetable, household']","['Butter oil, anhydrous', 'Oil, corn, industrial and retail', 'Salad dressing, honey mustard, regular', 'Ice cream, bar or stick, chocolate covered', 'Frankfurter, meat and poultry, unheated', 'Oil, coconut', 'Margarine-like, margarine-butter blend, soybean oil and butter', 'Oil, walnut', 'Sausage, pork, chorizo', 'Ice cream, soft serve, chocolate', 'Salad dressing, poppyseed, creamy', 'Shortening, vegetable, household', 'Soup, chicken vegetable with potato and cheese, chunky']"
usda#04120,"Salad dressing, french dressing, commercial",french toast,"['Salad dressing, ranch dressing, regular', 'Salad dressing, sesame seed dressing, regular']","['Cheese, blue', 'Salad dressing, ranch dressing, regular', 'Mortadella, beef, pork', 'Cheese, camembert', 'Cheese, gouda', 'Salad dressing, sesame seed dressing, regular']"
usda#20004,"Barley, hulled",barley,"['Barley, pearled, raw', 'Barley, pearled, cooked', 'Buckwheat', 'Wild rice, raw', 'Wheat, sprouted', 'Rice, brown, medium-grain', 'Wheat, hard red spring', 'Wheat, soft white', 'Corn grain, yellow', 'Succotash, raw', 'Amaranth grain, uncooked', 'Wheat, hard white', 'Rice, brown, long-grain', 'Wild rice, cooked', 'Wheat, durum', 'Wheat, hard red winter', 'Wheat, soft red winter', 'Corn grain, white', 'Sorghum grain']","['Barley, pearled, raw', 'Barley, pearled, cooked', 'Buckwheat', 'Wild rice, raw', 'Wheat, sprouted', 'Fish, pollock, Atlantic', 'Rice, brown, medium-grain', 'Wheat, hard red spring', 'Wheat, soft white', 'Corn grain, yellow', 'Succotash, raw', 'Amaranth grain, uncooked', 'Wheat, hard white', 'Rice, brown, long-grain', 'Wild rice, cooked', 'Wheat, durum', 'Wheat, hard red winter', 'Wheat, soft red winter', 'Corn grain, white', 'Sorghum grain']"
usda#04002,Lard,lard,"['Shortening, vegetable, household', 'Margarine-like, margarine-butter blend, soybean oil and butter']","['Sausage, pork, chorizo', 'Soup, chicken vegetable with potato and cheese, chunky', 'Shortening, vegetable, household', 'Margarine-like, margarine-butter blend, soybean oil and butter']"
usda#11278,"Okra, raw",okra,"['Cowpeas, young pods with seeds, raw', 'Beans, snap, yellow', 'Beans, snap, green', 'Hyacinth-beans, immature seeds, raw', 'Okra, frozen, cooked', 'Yardlong bean, raw', 'Okra, frozen, unprepared', 'Peas, edible-podded, frozen', 'Peas, edible-podded, cooked', 'Okra, cooked, boiled', 'Pumpkin leaves, raw', 'Peas, edible-podded, boiled', 'Pigeonpeas, immature seeds, raw']","['Cowpeas, young pods with seeds, raw', 'Beans, snap, yellow', 'Beans, snap, green', 'Hyacinth-beans, immature seeds, raw', 'Okra, frozen, cooked', 'Yardlong bean, raw', 'Okra, frozen, unprepared', 'Peas, edible-podded, frozen', 'Peas, edible-podded, cooked', 'Lamb, leg, shank half', 'Okra, cooked, boiled', 'Pumpkin leaves, raw', 'Peas, edible-podded, boiled', 'Pigeonpeas, immature seeds, raw', 'Lamb, variety meats and by-products, heart']"
usda#04047,"Oil, coconut",coconut,"['Margarine-like, margarine-butter blend, soybean oil and butter', 'Oil, corn, industrial and retail', 'Butter oil, anhydrous', 'Oil, peanut, salad or cooking', 'Oil, sesame, salad or cooking', 'Oil, olive, salad or cooking']","['Margarine-like, margarine-butter blend, soybean oil and butter', 'Ice cream, soft serve, chocolate', 'Salad dressing, mayonnaise, regular', 'Oil, corn, industrial and retail', 'Butter oil, anhydrous', 'Oil, peanut, salad or cooking', 'Frankfurter, meat and poultry, unheated', 'Oil, sesame, salad or cooking', 'Ice cream, bar or stick, chocolate covered', 'Oil, olive, salad or cooking', 'Soup, chicken vegetable with potato and cheese, chunky', 'Salad dressing, poppyseed, creamy']"
usda#11147,"Chard, swiss, raw",swiss chard,"['Spinach, raw', 'Taro leaves, raw', 'Sweet potato leaves, raw', 'Amaranth leaves, raw', 'Borage, raw', 'Succotash, raw', 'Chicory, witloof, raw', 'Pumpkin leaves, raw', 'Drumstick leaves, raw', 'Turnip greens, raw', 'Endive, raw', 'Taro, tahitian, raw', 'Winged bean leaves, raw', 'Watercress, raw', 'Vinespinach, raw', 'Balsam-pear, leafy tips, raw', 'Celtuce, raw', 'Cowpeas, leafy tips, raw']","['Spinach, raw', 'Taro leaves, raw', 'Sweet potato leaves, raw', 'Amaranth leaves, raw', 'Borage, raw', 'Succotash, raw', 'Chicory, witloof, raw', 'Pumpkin leaves, raw', 'Drumstick leaves, raw', 'Turnip greens, raw', 'Endive, raw', 'Taro, tahitian, raw', 'Winged bean leaves, raw', 'Watercress, raw', 'Vinespinach, raw', 'Balsam-pear, leafy tips, raw', 'Celtuce, raw', 'Cowpeas, leafy tips, raw']"
usda#20028,"Couscous, dry",couscous,"['Pasta, dry, unenriched', 'Spaghetti, spinach, dry', 'Pasta, whole-wheat, dry ', 'Pasta, dry, enriched', 'Cornmeal, degermed, unenriched', 'Couscous, cooked', 'Noodles, egg, spinach', 'Noodles, egg, dry', 'Seeds, cottonseed meal, partially defatted ', 'Rice, white, glutinous', 'Noodles, japanese, somen']","['Pasta, dry, unenriched', 'Spaghetti, spinach, dry', 'Pasta, whole-wheat, dry ', 'Pasta, dry, enriched', 'Cornmeal, degermed, unenriched', 'Couscous, cooked', 'Noodles, egg, spinach', 'Noodles, egg, dry', 'Seeds, cottonseed meal, partially defatted ', 'Rice, white, glutinous', 'Noodles, japanese, somen']"
usda#20035,"Quinoa, uncooked",quinoa,"['Rye grain', 'Pasta, gluten-free, corn', 'Seeds, safflower seed kernels, dried', 'Millet, raw',  'Wheat, hard red spring', 'Noodles, japanese, soba']","['Rye grain', 'Seeds, pumpkin and squash seed kernels, dried', 'Pasta, gluten-free, corn', 'Seeds, safflower seed kernels, dried', 'Millet, raw', 'Beans, kidney, royal red', 'Beans, kidney, red', 'Seeds, sisymbrium sp. seeds, whole', 'Peanuts, virginia, raw', 'Peanuts, spanish, raw', 'Beans, kidney, california red', 'Triticale', 'Nuts, macadamia nuts, raw', 'Wheat, hard red spring', 'Nuts, acorns, dried', 'Noodles, japanese, soba']"
usda#06931,"Sauce, pasta, spaghetti/marinara",pasta,[],"['Oil, wheat germ', 'Oil, almond', 'Oil, cottonseed, salad or cooking', 'Oil, sunflower, linoleic', 'Papayas, raw']"
usda#12135,"Nuts, mixed nuts, dry roasted",mixed nuts,"['Nuts, hazelnuts or filberts, dry roasted', 'Nuts, mixed nuts, oil roasted', 'Nuts, pecans, dry roasted', 'Seeds, pumpkin and squash seeds, whole', 'Nuts, pecans, oil roasted', 'Nuts, cashew nuts, oil roasted']","['Nuts, hazelnuts or filberts, dry roasted', 'Nuts, mixed nuts, oil roasted', 'Nuts, pecans, dry roasted', 'Seeds, pumpkin and squash seeds, whole', 'Nuts, pecans, oil roasted', 'Nuts, cashew nuts, oil roasted']"
usda#11213,"Endive, raw",endive,"['Dock, raw', 'Cowpeas, leafy tips, raw', 'Collards, raw', 'Mustard spinach, raw', 'Drumstick leaves, raw', 'Chicory, witloof, raw', 'Lambsquarters, raw', 'Sweet potato leaves, raw', 'Amaranth leaves, raw', 'Pumpkin leaves, raw', 'Chard, swiss, raw', 'Chicory greens, raw', 'Broccoli, leaves, raw', 'Borage, raw', 'Beet greens, raw', 'Coriander leaves, raw', 'Celtuce, raw', 'Chives, raw']","['Dock, raw', 'Cowpeas, leafy tips, raw', 'Collards, raw', 'Mustard spinach, raw', 'Drumstick leaves, raw', 'Chicory, witloof, raw', 'Lambsquarters, raw', 'Sweet potato leaves, raw', 'Amaranth leaves, raw', 'Pumpkin leaves, raw', 'Eppaw, raw', 'Chard, swiss, raw', 'Chicory greens, raw', 'Broccoli, leaves, raw', 'Borage, raw', 'Beet greens, raw', 'Coriander leaves, raw', 'Celtuce, raw', 'Chives, raw']"
usda#20062,Rye grain,rye bread,"['Quinoa, uncooked', 'Pasta, gluten-free, corn', 'Sorghum grain', 'Wheat, soft white', 'Wheat, hard white', 'Wheat, hard red spring', 'Wheat, hard red winter', 'Wheat, soft red winter', 'Millet, raw',  'Rye flour, light']","['Quinoa, uncooked', 'Pasta, gluten-free, corn', 'Sorghum grain', 'Seeds, safflower seed kernels, dried', 'Wheat, soft white', 'Wheat, hard white', 'Wheat, hard red spring', 'Wheat, hard red winter', 'Seeds, sisymbrium sp. seeds, whole', 'Nuts, ginkgo nuts, dried', 'Nuts, macadamia nuts, raw', 'Nuts, pine nuts, pinyon', 'Seeds, pumpkin and squash seed kernels, dried', 'Triticale', 'Wheat, soft red winter', 'Millet, raw', 'Peanuts, virginia, raw', 'Rye flour, light', 'Nuts, chestnuts, japanese']"
usda#11457,"Spinach, raw",spinach,"['Sweet potato leaves, raw', 'Taro leaves, raw', 'Chard, swiss, raw', 'Pumpkin leaves, raw', 'Winged bean leaves, raw', 'Beet greens, raw', 'Succotash, raw', 'Chicory, witloof, raw', 'Turnip greens, raw', 'Spinach, frozen, chopped or leaf', 'Jute, potherb, raw', 'Mustard spinach, raw', 'Dock, raw', 'Borage, raw', 'Collards, raw', 'Watercress, raw', 'Amaranth leaves, raw']","['Sweet potato leaves, raw', 'Taro leaves, raw', 'Chard, swiss, raw', 'Pumpkin leaves, raw', 'Winged bean leaves, raw', 'Beet greens, raw', 'Succotash, raw', 'Chicory, witloof, raw', 'Turnip greens, raw', 'Spinach, frozen, chopped or leaf', 'Jute, potherb, raw', 'Mustard spinach, raw', 'Dock, raw', 'Borage, raw', 'Collards, raw', 'Watercress, raw', 'Amaranth leaves, raw']"
usda#09043,"Blackberry juice, canned",blackberry,"['Lemon juice, raw']","['Carambola, raw', 'Litchis, raw', 'Pineapple, canned, water pack', 'Kiwifruit, green, raw', 'Lemon juice, raw', 'Pineapple, canned, juice pack', 'Blackberries, raw', 'Pineapple, raw, all varieties']"
usda#01032,"Cheese, parmesan, grated",parmesan cheese,"['Cheese, mozzarella, low moisture', 'Cheese, brick', 'Cheese, provolone', 'Cheese, provolone, reduced fat', 'Cheese, fontina', 'Cheese, muenster', 'Cheese food, pasteurized process, American', 'Cheese, mozzarella, whole milk', 'Cheese, monterey', 'Cheese, colby', 'Cheese, swiss', 'Cheese, low-sodium, cheddar or colby', 'Cheese, fresh, queso fresco', 'Cheese, pasteurized process, pimento', 'Cheese, cheddar ', 'Cheese spread, pasteurized process, American']","['Cheese, mozzarella, low moisture', 'Cheese, brick', 'Cheese, provolone', 'Cheese, provolone, reduced fat', 'Cheese, fontina', 'Cheese, muenster', 'Cheese food, pasteurized process, American', 'Cheese, mozzarella, whole milk', 'Cheese, monterey', 'Cheese, colby', 'Cheese, swiss', 'Cheese, low-sodium, cheddar or colby', 'Cheese, fresh, queso fresco', 'Cheese, pasteurized process, pimento', 'Cheese, cheddar ', 'Cheese spread, pasteurized process, American']"
usda#04058,"Oil, sesame, salad or cooking",sesame oil,"['Margarine-like, margarine-butter blend, soybean oil and butter', 'Oil, olive, salad or cooking', 'Oil, corn, industrial and retail', 'Oil, coconut', 'Butter oil, anhydrous', 'Oil, peanut, salad or cooking', 'Oil, walnut']","['Frankfurter, meat and poultry, unheated', 'Margarine-like, margarine-butter blend, soybean oil and butter', 'Oil, olive, salad or cooking', 'Oil, corn, industrial and retail', 'Oil, coconut', 'Ice cream, bar or stick, chocolate covered', 'Ice cream, soft serve, chocolate', 'Butter oil, anhydrous', 'Sausage, pork, chorizo', 'Oil, peanut, salad or cooking', 'Salad dressing, honey mustard, regular', 'Salad dressing, poppyseed, creamy', 'Soup, chicken vegetable with potato and cheese, chunky', 'Oil, walnut']"
usda#11109,"Cabbage, raw",cabbage,"['Cabbage, chinese, raw', 'Cabbage, red, raw', 'Brussels sprouts, raw', 'Cress, garden, raw', 'Squash, summer, all varieties', 'Turnips, raw', 'Rutabagas, raw', 'Squash, summer, zucchini', 'Tomatoes, red, ripe', 'Kohlrabi, raw', 'Mustard greens, raw', 'Broccoli, raw', 'Tomatoes, green, raw', 'Yambean, raw', 'Onions, spring or scallions, raw']","['Cabbage, chinese, raw', 'Cabbage, red, raw', 'Brussels sprouts, raw', 'Cress, garden, raw', 'Squash, summer, all varieties', 'Turnips, raw', 'Rutabagas, raw', 'Squash, summer, zucchini', 'Tomatoes, red, ripe', 'Kohlrabi, raw', 'Mustard greens, raw', 'Broccoli, raw', 'Tomatoes, green, raw', 'Yambean, raw', 'Lemon juice, raw', 'Onions, spring or scallions, raw']"
usda#15155,"Mollusks, abalone, mixed species",abalone,"['Mollusks, cuttlefish, mixed species', 'Mollusks, whelk, unspecified', 'Fish, mackerel, Atlantic', 'Fish, cod, Atlantic', 'Crustaceans, crab, alaska king', 'Fish, shark, mixed species', 'Mollusks, oyster, Pacific', 'Fish, ocean perch, Atlantic', 'Crustaceans, shrimp, mixed species', 'Fish, salmon, Atlantic', 'Fish, croaker, Atlantic', 'Fish, yellowtail, mixed species', 'Fish, whitefish, mixed species', 'Fish, shad, american', 'Fish, wolffish, Atlantic', 'Fish, sea bass, mixed species', 'Fish, whiting, mixed species', 'Fish, salmon, chum']","['Mollusks, cuttlefish, mixed species', 'Mollusks, whelk, unspecified', 'Fish, mackerel, Atlantic', 'Fish, cod, Atlantic', 'Crustaceans, crab, alaska king', 'Fish, shark, mixed species', 'Mollusks, oyster, Pacific', 'Fish, ocean perch, Atlantic', 'Crustaceans, shrimp, mixed species', 'Fish, salmon, Atlantic', 'Fish, croaker, Atlantic', 'Fish, yellowtail, mixed species', 'Fish, whitefish, mixed species', 'Fish, shad, american', 'Fish, wolffish, Atlantic', 'Fish, sea bass, mixed species', 'Fish, whiting, mixed species', 'Fish, salmon, chum']"
usda#09160,"Lime juice, raw",lime,"['Grapefruit juice, white, raw', 'Grapefruit juice, white, canned or bottled', 'Orange juice, chilled, includes from concentrate', 'Tangerine juice, raw', 'Juice, apple and grape blend, with added ascorbic acid']","['Oranges, raw, all commercial varieties', 'Grapefruit, sections, canned', 'Grapefruit juice, white, raw', 'Grapefruit juice, white, canned or bottled', 'Orange juice, chilled, includes from concentrate', 'Tangerines, canned', 'Tangerines, raw', 'Tangerine juice, raw', 'Juice, apple and grape blend, with added ascorbic acid', 'Mango nectar, canned', 'Guanabana nectar, canned']"
usda#01004,"Cheese, blue",cheese,"['Cheese, gouda']","['Salad dressing, french dressing, commercial', 'Mortadella, beef, pork', 'Frankfurter, chicken', 'Pork sausage, link/patty, cooked', 'Cheese, gouda']"
usda#12061,"Nuts, almonds",nuts,"['Nuts, brazilnuts, dried', 'Nuts, almonds, dry roasted', 'Nuts, pine nuts, dried', 'Nuts, hazelnuts or filberts', 'Nuts, walnuts, english', 'Nuts, pecans']","['Nuts, brazilnuts, dried', 'Nuts, almonds, dry roasted', 'Nuts, pine nuts, dried', 'Nuts, hazelnuts or filberts', 'Soy flour, defatted', 'Nuts, walnuts, english', 'Nuts, pecans']"
usda#11601,"Yam, raw",yam,"['Mountain yam, hawaii, raw', 'Arrowhead, raw', 'Shallots, raw', 'Sweet potato, raw, unprepared ', 'Onions, welsh, raw', 'Ginger root, raw', 'Radishes, white icicle, raw', 'Burdock root, raw', 'Cassava, raw', 'Chicory roots, raw', 'Parsnips, raw', 'Salsify, raw', 'Chicory, witloof, raw', 'Taro, raw', 'Potatoes, flesh and skin, raw', 'Lotus root, raw', 'Beans, snap, yellow', 'Celeriac, raw', 'Onions, raw']","['Mountain yam, hawaii, raw', 'Arrowhead, raw', 'Shallots, raw', 'Sweet potato, raw, unprepared ', 'Onions, welsh, raw', 'Ginger root, raw', 'Radishes, white icicle, raw', 'Burdock root, raw', 'Cassava, raw', 'Chicory roots, raw', 'Parsnips, raw', 'Salsify, raw', 'Chicory, witloof, raw', 'Taro, raw', 'Potatoes, flesh and skin, raw', 'Lotus root, raw', 'Beans, snap, yellow', 'Celeriac, raw', 'Onions, raw']"
usda#11233,"Kale, raw",kale,"['Cress, garden, raw', 'Mustard greens, raw', 'Carambola, raw', 'Turnips, raw', 'Mushrooms, white, raw', 'Broccoli, raw', 'Dandelion greens, raw', 'Kohlrabi, raw', 'Brussels sprouts, raw', 'Yambean, raw', 'Cabbage, raw', 'Rutabagas, raw', 'Tomatoes, red, ripe']","['Cress, garden, raw', 'Mustard greens, raw', 'Carambola, raw', 'Turnips, raw', 'Blackberry juice, canned', 'Mushrooms, white, raw', 'Broccoli, raw', 'Dandelion greens, raw', 'Kohlrabi, raw', 'Brussels sprouts, raw', 'Yambean, raw', 'Cabbage, raw', 'Rutabagas, raw', 'Tomatoes, red, ripe']"
usda#11505,"Sweet potato leaves, raw",sweet potato,"['Sweet potato, raw, unprepared ', 'Spinach, raw', 'Chard, swiss, raw', 'Taro leaves, raw', 'Vinespinach, raw', 'Turnip greens, raw', 'Borage, raw', 'Amaranth leaves, raw', 'Beet greens, raw', 'Taro, raw', 'Dock, raw', 'Endive, raw', 'Watercress, raw', 'Pumpkin leaves, raw', 'Drumstick leaves, raw', 'Winged bean leaves, raw']","['Sweet potato, raw, unprepared ', 'Spinach, raw', 'Chard, swiss, raw', 'Taro leaves, raw', 'Vinespinach, raw', 'Turnip greens, raw', 'Borage, raw', 'Amaranth leaves, raw', 'Beet greens, raw', 'Taro, raw', 'Dock, raw', 'Endive, raw', 'Watercress, raw', 'Pumpkin leaves, raw', 'Drumstick leaves, raw', 'Winged bean leaves, raw']"
usda#15145,"Crustaceans, crayfish, mixed species",crayfish,"['Crustaceans, crab, dungeness', 'Crustaceans, spiny lobster, mixed species', 'Crustaceans, crab, queen', 'Crustaceans, crab, alaska king', 'Fish, halibut, Greenland', 'Crustaceans, lobster, northern', 'Fish, salmon, coho', 'Crustaceans, crab, blue', 'Fish, eel, mixed species', 'Fish, cusk, raw', 'Fish, flatfish , raw']","['Crustaceans, crab, dungeness', 'Crustaceans, spiny lobster, mixed species', 'Crustaceans, crab, queen', 'Crustaceans, crab, alaska king', 'Fish, halibut, Greenland', 'Cowpeas , immature seeds, raw', 'Crustaceans, lobster, northern', 'Coriander leaves, raw', 'Fish, salmon, coho', 'Crustaceans, crab, blue', 'Fish, eel, mixed species', 'Cowpeas, leafy tips, raw', 'Fish, cusk, raw', 'Fish, flatfish , raw']"
usda#20067,Sorghum grain,sorghum,"['Wheat, hard white', 'Wheat, hard red spring', 'Wheat, soft white', 'Wheat, soft red winter', 'Wheat, hard red winter', 'Rye grain', 'Wheat, durum', 'Rye flour, dark', 'Rye flour, medium', 'Rye flour, light', 'Quinoa, uncooked', 'Pasta, gluten-free, corn', 'Amaranth grain, uncooked', 'Triticale', 'Barley, hulled', 'Corn grain, white', 'Oats ']","['Wheat, hard white', 'Wheat, hard red spring', 'Wheat, soft white', 'Wheat, soft red winter', 'Wheat, hard red winter', 'Rye grain', 'Wheat, durum', 'Rye flour, dark', 'Rye flour, medium', 'Rye flour, light', 'Seeds, sisymbrium sp. seeds, whole', 'Quinoa, uncooked', 'Pasta, gluten-free, corn', 'Amaranth grain, uncooked', 'Triticale', 'Barley, hulled', 'Corn grain, white', 'Oats ']"
usda#11935,Catsup,ketchup,"['Catsup, low sodium']","['Catsup, low sodium', 'Pickles, cucumber, sweet', 'Pickles, cucumber, dill', 'Chayote, fruit, cooked']"
usda#12023,"Seeds, sesame seeds, whole",sesame,"['Seeds, sesame seed kernels, dried ', 'Seeds, sunflower seed kernels, dried', 'Seeds, sesame flour, low-fat', 'Seeds, sesame flour, partially defatted', 'Seeds, sisymbrium sp. seeds, whole', 'Seeds, pumpkin and squash seed kernels, dried', 'Seeds, sesame meal, partially defatted',  'Seeds, safflower seed kernels, dried']","['Seeds, sesame seed kernels, dried ', 'Seeds, sunflower seed kernels, dried', 'Seeds, sesame flour, low-fat', 'Beans, kidney, california red', 'Beans, kidney, red', 'Seeds, sesame flour, partially defatted', 'Seeds, sisymbrium sp. seeds, whole', 'Seeds, pumpkin and squash seed kernels, dried', 'Seeds, sesame meal, partially defatted', 'Peanuts, spanish, raw', 'Peanuts, virginia, raw', 'Seeds, safflower seed kernels, dried', 'Beans, kidney, royal red', 'Cowpeas, common (blackeyes, crowder', 'Soybeans, mature seeds, raw']"
usda#01088,"Milk, buttermilk, fluid",buttermilk,"['Cheese, cheddar, nonfat or fat free', 'Cheese, Mexican, blend', 'Cheese, Swiss, nonfat or fat free', 'Cheese, gruyere', 'Cheese, pasteurized process, American', 'Cheese, parmesan, hard']","['Cheese, cheddar, nonfat or fat free', 'Cheese, Mexican, blend', 'Cheese, Swiss, nonfat or fat free', 'Milk, lowfat, fluid', 'Cheese, gruyere', 'Cheese, pasteurized process, American', 'Milk, reduced fat, fluid', 'Cheese, parmesan, hard', 'Milk, nonfat, fluid', 'Soymilk, nonfat, with added calcium', 'Rhubarb, frozen, cooked']"
usda#01009,"Cheese, cheddar",cheddar cheese,"['Cheese, colby', 'Cheese, brick', 'Cheese, monterey', 'Cheese, swiss', 'Cheese, fontina', 'Cheese, muenster', 'Cheese, pasteurized process, pimento', 'Cheese, low-sodium, cheddar or colby', 'Cheese, mozzarella, low moisture', 'Cheese food, pasteurized process, American', 'Cheese, provolone, reduced fat', 'Cheese, provolone', 'Cheese, mozzarella, whole milk', 'Cheese, parmesan, grated', 'Cheese, fresh, queso fresco', 'Cheese spread, pasteurized process, American', 'Cheese, limburger']","['Cheese, colby', 'Cheese, brick', 'Cheese, monterey', 'Cheese, swiss', 'Cheese, fontina', 'Cheese, muenster', 'Cheese, pasteurized process, pimento', 'Cheese, low-sodium, cheddar or colby', 'Cheese, mozzarella, low moisture', 'Cheese food, pasteurized process, American', 'Cheese, provolone, reduced fat', 'Cheese, provolone', 'Cheese, mozzarella, whole milk', 'Cheese, parmesan, grated', 'Cheese, fresh, queso fresco', 'Cheese spread, pasteurized process, American', 'Cheese, limburger']"
usda#16069,"Lentils, raw",lentils,"['Mung beans, mature seeds, raw', 'Lima beans, thin seeded , mature seeds', 'Beans, kidney, all types', 'Beans, great northern, mature seeds', 'Lupins, mature seeds, raw', 'Mothbeans, mature seeds, raw', 'Mungo beans, mature seeds, raw', 'Beans, french, mature seeds', 'Lima beans, large, mature seeds', 'Hyacinth beans, mature seeds, raw', 'Beans, kidney, california red', 'Beans, pink, mature seeds', 'Beans, kidney, red', 'Beans, yellow, mature seeds', 'Broadbeans, mature seeds, raw', 'Pigeon peas , mature seeds, raw', 'Beans, black, mature seeds', 'Chickpeas , mature seeds']","['Mung beans, mature seeds, raw', 'Lima beans, thin seeded , mature seeds', 'Beans, kidney, all types', 'Beans, great northern, mature seeds', 'Lupins, mature seeds, raw', 'Mothbeans, mature seeds, raw', 'Mungo beans, mature seeds, raw', 'Beans, french, mature seeds', 'Lima beans, large, mature seeds', 'Hyacinth beans, mature seeds, raw', 'Beans, kidney, california red', 'Beans, pink, mature seeds', 'Beans, kidney, red', 'Beans, yellow, mature seeds', 'Broadbeans, mature seeds, raw', 'Pigeon peas , mature seeds, raw', 'Beans, black, mature seeds', 'Chickpeas , mature seeds']"
usda#01004,"Cheese, blue",cheese,"['Cheese, gouda']","['Salad dressing, french dressing, commercial', 'Mortadella, beef, pork', 'Frankfurter, chicken', 'Pork sausage, link/patty, cooked', 'Cheese, gouda']"
usda#04582,"Oil, canola",rapeseed oil,"['Oil, corn, industrial and retail', 'Oil, peanut, salad or cooking', 'Butter oil, anhydrous', 'Oil, olive, salad or cooking', 'Margarine-like, margarine-butter blend, soybean oil and butter', 'Oil, coconut', 'Oil, sesame, salad or cooking']","['Frankfurter, beef, unheated', 'Oil, corn, industrial and retail', 'Oil, peanut, salad or cooking', 'Ice cream, bar or stick, chocolate covered', 'Butter oil, anhydrous', 'Frankfurter, meat and poultry, unheated', 'Oil, olive, salad or cooking', 'Margarine-like, margarine-butter blend, soybean oil and butter', 'Ice cream, soft serve, chocolate', 'Oil, coconut', 'Soup, chicken vegetable with potato and cheese, chunky', 'Oil, sesame, salad or cooking', 'Salad dressing, mayonnaise, regular']"
usda#01237,"Ice cream, bar or stick, chocolate covered",candy bar,"['Ice cream, soft serve, chocolate']","['Salad dressing, honey mustard, regular', 'Oil, peanut, salad or cooking', 'Frankfurter, meat and poultry, unheated', 'Ice cream, soft serve, chocolate', 'Margarine-like, margarine-butter blend, soybean oil and butter', 'Butter oil, anhydrous', 'Oil, sesame, salad or cooking', 'Oil, coconut', 'Lard', 'Oil, corn, industrial and retail', 'Sausage, pork, chorizo', 'Soup, chicken vegetable with potato and cheese, chunky']"
usda#16124,Soy sauce made from soy,soy sauce,"['Soy sauce made from hydrolyzed vegetable protein', 'Soy sauce made from soy and wheat']","['Soy sauce made from hydrolyzed vegetable protein', 'Soymilk, original and vanilla, unfortified', 'Miso', 'Tempeh', 'Soy sauce made from soy and wheat ', 'Tofu, raw, firm', 'Tofu, salted and fermented ', 'Tofu, salted and fermented , prepared with calcium sulfate', 'Millet, cooked', 'Tofu, raw, regular', 'Tofu, fried', 'Soybeans, mature seeds, cooked', 'Soybeans, mature cooked, boiled']"
usda#11149,"Chayote, fruit, raw",chayote,"['Squash, summer, crookneck and straightneck', 'Celeriac, raw', 'Squash, summer, scallop', 'Celtuce, raw', 'Cassava, raw', 'Celery, raw', 'Cucumber, with peel, raw', 'Burdock root, raw', 'Cardoon, raw', 'Butterbur, raw', 'Chayote, fruit, cooked']","['Squash, summer, crookneck and straightneck', 'Celeriac, raw', 'Squash, summer, scallop', 'Celtuce, raw', 'Cassava, raw', 'Celery, raw', 'Cucumber, with peel, raw', 'Burdock root, raw', 'Cardoon, raw', 'Butterbur, raw', 'Chayote, fruit, cooked']"
usda#11976,"Pepper, banana, raw",banana,"['Peppers, serrano, raw']","['Peppers, serrano, raw', 'Melons, casaba, raw', 'Grapefruit, raw, pink and red and white', 'Limes, raw', 'Melons, honeydew, raw', 'Lemons, raw, without peel']"
usda#11613,"Borage, raw",borage,"['Broccoli, leaves, raw', 'Beet greens, raw', 'Celtuce, raw', 'Collards, raw', 'Chicory greens, raw', 'Dock, raw', 'Mustard spinach, raw', 'Sweet potato leaves, raw', 'Chicory, witloof, raw', 'Taro leaves, raw', 'Winged bean leaves, raw', 'Watercress, raw', 'Chard, swiss, raw', 'Amaranth leaves, raw', 'Spinach, raw', 'Balsam-pear, leafy tips, raw', 'Lambsquarters, raw', 'Borage, cooked, boiled', 'Jute, potherb, raw']","['Broccoli, leaves, raw', 'Beet greens, raw', 'Celtuce, raw', 'Collards, raw', 'Chicory greens, raw', 'Dock, raw', 'Mustard spinach, raw', 'Sweet potato leaves, raw', 'Chicory, witloof, raw', 'Taro leaves, raw', 'Winged bean leaves, raw', 'Watercress, raw', 'Chard, swiss, raw', 'Amaranth leaves, raw', 'Spinach, raw', 'Balsam-pear, leafy tips, raw', 'Lambsquarters, raw', 'Borage, cooked, boiled', 'Jute, potherb, raw']"
usda#16138,"Falafel, home-prepared",falafel,"['Broadbeans, mature seeds, cooked', 'Broadbeans, immature seeds, cooked', 'Hummus, home prepared']","['Broadbeans , mature seeds, cooked', 'Broadbeans, immature seeds, cooked', 'Hummus, home prepared', 'Potato puffs, frozen, oven-heated']"
usda#15033,"Fish, haddock, raw",haddock,"['Fish, pompano, florida', 'Fish, bass, fresh water', 'Fish, grouper, mixed species', 'Fish, haddock, cooked', 'Fish, drum, freshwater', 'Fish, flatfish , raw', 'Fish, halibut, Greenland', 'Fish, salmon, coho', 'Fish, eel, mixed species', 'Fish, anchovy, european', 'Fish, mackerel, king', 'Fish, pike, northern', 'Fish, salmon, Atlantic', 'Fish, swordfish, raw', 'Fish, salmon, chum', 'Fish, turbot, european', 'Fish, lingcod, raw', 'Fish, milkfish, raw', 'Fish, cusk, raw']","['Fish, pompano, florida', 'Fish, bass, fresh water', 'Fish, grouper, mixed species', 'Fish, haddock, cooked', 'Fish, drum, freshwater', 'Fish, flatfish , raw', 'Fish, halibut, Greenland', 'Fish, salmon, coho', 'Fish, eel, mixed species', 'Fish, anchovy, european', 'Fish, mackerel, king', 'Fish, pike, northern', 'Fish, salmon, Atlantic', 'Fish, swordfish, raw', 'Fish, salmon, chum', 'Fish, turbot, european', 'Fish, lingcod, raw', 'Fish, milkfish, raw', 'Fish, cusk, raw']"
usda#16128,"Tofu, dried-frozen",tofu,"['Tofu, dried-frozen , prepared with calcium sulfate', 'Tofu, firm, prepared with calcium sulfate and magnesium chloride ', 'Tofu, raw, regular', 'Tofu, raw, firm', 'Tofu, salted and fermented', 'Tofu, salted and fermented , prepared with calcium sulfate', 'Tofu, fried', 'Tofu, fried, prepared with calcium sulfate', 'Okara', 'Soybeans, mature seeds, raw']","['Tofu, dried-frozen , prepared with calcium sulfate', 'Tofu, firm, prepared with calcium sulfate and magnesium chloride ', 'Tofu, raw, regular', 'Tofu, raw, firm', 'Tofu, salted and fermented ', 'Tofu, salted and fermented , prepared with calcium sulfate', 'Tofu, fried', 'Tofu, fried, prepared with calcium sulfate', 'Okara', 'Soy protein concentrate, produced by acid wash', 'Soy protein isolate, potassium type', 'Soybeans, mature seeds, raw', 'Soy protein concentrate, produced by alcohol extraction']"
usda#15010,"Fish, catfish, channel",catfish,"['Fish, carp, raw', 'Fish, burbot, raw', 'Fish, butterfish, raw', 'Fish, bluefish, raw', 'Fish, tuna, fresh', 'Fish, rockfish, Pacific', 'Fish, wolffish, Atlantic', 'Fish, salmon, chum', 'Fish, mackerel, Atlantic', 'Fish, lingcod, raw', 'Fish, whiting, mixed species', 'Fish, trout, rainbow', 'Fish, ocean perch, Atlantic', 'Fish, tilefish, raw', 'Fish, mackerel, spanish', 'Fish, pike, northern', 'Fish, flatfish , raw', 'Fish, whitefish, mixed species']","['Fish, carp, raw', 'Fish, burbot, raw', 'Fish, butterfish, raw', 'Fish, bluefish, raw', 'Fish, tuna, fresh', 'Fish, rockfish, Pacific', 'Fish, wolffish, Atlantic', 'Fish, salmon, chum', 'Fish, mackerel, Atlantic', 'Fish, lingcod, raw', 'Fish, whiting, mixed species', 'Fish, trout, rainbow', 'Fish, ocean perch, Atlantic', 'Fish, tilefish, raw', 'Fish, mackerel, spanish', 'Fish, pike, northern', 'Fish, flatfish , raw', 'Fish, whitefish, mixed species']"
usda#15031,"Fish, grouper, mixed species",grouper,"['Fish, halibut, Greenland', 'Fish, bass, fresh water', 'Fish, flatfish , raw', 'Fish, haddock, raw', 'Fish, mackerel, Pacific and jack', 'Fish, eel, mixed species', 'Fish, pompano, florida', 'Fish, drum, freshwater', 'Fish, lingcod, raw', 'Fish, perch, mixed species', 'Fish, milkfish, raw', 'Fish, salmon, chum', 'Fish, salmon, coho', 'Fish, sablefish, raw', 'Fish, pout, ocean', 'Fish, mackerel, king', 'Fish, cusk, raw', 'Fish, carp, raw', 'Fish, anchovy, european']","['Fish, halibut, Greenland', 'Fish, bass, fresh water', 'Fish, flatfish , raw', 'Fish, haddock, raw', 'Fish, mackerel, Pacific and jack', 'Fish, eel, mixed species', 'Fish, pompano, florida', 'Fish, drum, freshwater', 'Fish, lingcod, raw', 'Fish, perch, mixed species', 'Fish, milkfish, raw', 'Fish, salmon, chum', 'Fish, salmon, coho', 'Fish, sablefish, raw', 'Fish, pout, ocean', 'Fish, mackerel, king', 'Fish, cusk, raw', 'Fish, carp, raw', 'Fish, anchovy, european']"
usda#15115,"Fish, trout, rainbow",rainbow trout,"['Fish, smelt, rainbow', 'Fish, sunfish, pumpkin seed', 'Fish, sablefish, raw', 'Fish, snapper, mixed species', 'Fish, rockfish, Pacific', 'Fish, mullet, striped', 'Fish, mackerel, spanish', 'Fish, sea bass, mixed species', 'Fish, sheepshead, raw', 'Fish, carp, raw', 'Fish, perch, mixed species', 'Fish, tilefish, raw', 'Fish, tuna, fresh', 'Fish, salmon, sockeye', 'Fish, flatfish , raw', 'Fish, mackerel, Pacific and jack', 'Fish, pike, northern', 'Fish, swordfish, raw']","['Fish, smelt, rainbow', 'Fish, sunfish, pumpkin seed', 'Fish, sablefish, raw', 'Fish, snapper, mixed species', 'Fish, rockfish, Pacific', 'Fish, mullet, striped', 'Fish, mackerel, spanish', 'Fish, sea bass, mixed species', 'Fish, sheepshead, raw', 'Fish, carp, raw', 'Fish, perch, mixed species', 'Fish, tilefish, raw', 'Fish, tuna, fresh', 'Fish, salmon, sockeye', 'Fish, flatfish , raw', 'Fish, mackerel, Pacific and jack', 'Fish, pike, northern', 'Fish, swordfish, raw']"
usda#04047,"Oil, coconut",coconut,"['Margarine-like, margarine-butter blend, soybean oil and butter', 'Oil, corn, industrial and retail', 'Butter oil, anhydrous', 'Oil, peanut, salad or cooking', 'Oil, sesame, salad or cooking', 'Oil, olive, salad or cooking']","['Margarine-like, margarine-butter blend, soybean oil and butter', 'Ice cream, soft serve, chocolate', 'Salad dressing, mayonnaise, regular', 'Oil, corn, industrial and retail', 'Butter oil, anhydrous', 'Oil, peanut, salad or cooking', 'Frankfurter, meat and poultry, unheated', 'Oil, sesame, salad or cooking', 'Ice cream, bar or stick, chocolate covered', 'Oil, olive, salad or cooking', 'Soup, chicken vegetable with potato and cheese, chunky', 'Salad dressing, poppyseed, creamy']"
usda#16112,Miso,miso,"['Soy sauce made from soy ', 'Okara', 'Soy sauce made from soy and wheat ', 'Hummus, home prepared']","['Soy sauce made from soy ', 'Okara', 'Millet, cooked', 'Tofu, raw, firm', 'Soy sauce made from soy and wheat ', 'Tofu, salted and fermented ', 'Soybeans, green, cooked', 'Hummus, home prepared']"
usda#11203,"Cress, garden, raw",garden cress,"['Mustard greens, raw', 'Kale, raw', 'Cabbage, raw', 'Turnips, raw', 'Brussels sprouts, raw', 'Broccoli, raw', 'Squash, summer, all varieties', 'Rutabagas, raw', 'Dandelion greens, raw', 'Cabbage, red, raw', 'Cabbage, chinese, raw', 'Squash, summer, zucchini', 'Tomatoes, red, ripe', 'Tomatoes, green, raw', 'Kohlrabi, raw', 'Yambean, raw']","['Mustard greens, raw', 'Kale, raw', 'Cabbage, raw', 'Turnips, raw', 'Brussels sprouts, raw', 'Broccoli, raw', 'Squash, summer, all varieties', 'Rutabagas, raw', 'Dandelion greens, raw', 'Cabbage, red, raw', 'Cabbage, chinese, raw', 'Squash, summer, zucchini', 'Tomatoes, red, ripe', 'Tomatoes, green, raw', 'Kohlrabi, raw', 'Yambean, raw']"
usda#01069,"Cream substitute, powdered",sugar substitute,[],"['Ice cream cone, chocolate covered, with nuts']"
usda#13047,"Beef, grass-fed, ground",hamburger,"['Beef, brisket, flat half']","['Beef, brisket, flat half']"
usda#04582,"Oil, canola",rapeseed oil,"['Oil, corn, industrial and retail', 'Oil, peanut, salad or cooking', 'Butter oil, anhydrous', 'Oil, olive, salad or cooking', 'Margarine-like, margarine-butter blend, soybean oil and butter', 'Oil, coconut', 'Oil, sesame, salad or cooking']","['Frankfurter, beef, unheated', 'Oil, corn, industrial and retail', 'Oil, peanut, salad or cooking', 'Ice cream, bar or stick, chocolate covered', 'Butter oil, anhydrous', 'Frankfurter, meat and poultry, unheated', 'Oil, olive, salad or cooking', 'Margarine-like, margarine-butter blend, soybean oil and butter', 'Ice cream, soft serve, chocolate', 'Oil, coconut', 'Soup, chicken vegetable with potato and cheese, chunky', 'Oil, sesame, salad or cooking', 'Salad dressing, mayonnaise, regular']"
usda#17177,"Game meat, rabbit, domesticated",rabbit,"['Game meat, rabbit, wild', 'Game meat, squirrel, raw', 'Game meat, horse, raw', 'Game meat, bear, raw', 'Game meat, moose, raw', 'Game meat, beefalo, composite of cuts', 'Game meat, antelope, raw', 'Game meat, muskrat, raw', 'Game meat, deer, raw', 'Game meat, goat, raw', 'Game meat, caribou, raw', 'Game meat, buffalo, water', 'Game meat, raccoon, cooked', 'Game meat, bison, separable lean only', 'Game meat, boar, wild']","['Game meat, rabbit, wild', 'Game meat, squirrel, raw', 'Game meat, horse, raw', 'Game meat, bear, raw', 'Game meat, moose, raw', 'Game meat, beefalo, composite of cuts', 'Game meat, antelope, raw', 'Game meat, muskrat, raw', 'Game meat, deer, raw', 'Game meat, goat, raw', 'Game meat, caribou, raw', 'Game meat, buffalo, water', 'Game meat, raccoon, cooked', 'Game meat, bison, separable lean only', 'Game meat, boar, wild']"
usda#11656,"Corn pudding, home prepared",pudding,[],"['Tofu, raw, firm', 'Noodles, egg, unenriched', 'Pasta, homemade, made with egg']"
usda#20014,"Corn grain, yellow",corn,"['Soybeans, green, raw', 'Cowpeas , immature seeds, raw', 'Corn flour, whole-grain, yellow', 'Cornmeal, whole-grain, yellow', 'Cowpeas, young pods with seeds, raw']","['Wild rice, raw', 'Rice, brown, long-grain', 'Buckwheat', 'Soybeans, green, raw', 'Barley, hulled', 'Rice, brown, medium-grain', 'Cowpeas, leafy tips, raw', 'Cowpeas , immature seeds, raw', 'Corn flour, whole-grain, yellow', 'Cornmeal, whole-grain, yellow', 'Succotash, raw', 'Amaranth grain, uncooked', 'Cowpeas, young pods with seeds, raw', 'Wild rice, cooked', 'Lima beans, immature seeds, raw', 'Nuts, chestnuts, european', 'Chives, raw', 'Wheat, sprouted', 'Oats ']"
usda#11003,"Amaranth leaves, raw",amaranth,"['Amaranth grain, uncooked', 'Balsam-pear, leafy tips, raw', 'Winged bean leaves, raw', 'Broccoli, leaves, raw', 'Sweet potato leaves, raw', 'Chicory, witloof, raw', 'Lambsquarters, raw', 'Taro leaves, raw', 'Mustard spinach, raw', 'Chard, swiss, raw', 'Borage, raw', 'Watercress, raw', 'Endive, raw', 'Arrowhead, raw', 'Beet greens, raw', 'Balsam-pear, pods, raw', 'Pumpkin leaves, raw', 'Vinespinach, raw', 'Dock, raw']","['Amaranth grain, uncooked', 'Balsam-pear, leafy tips, raw', 'Winged bean leaves, raw', 'Broccoli, leaves, raw', 'Sweet potato leaves, raw', 'Chicory, witloof, raw', 'Lambsquarters, raw', 'Taro leaves, raw', 'Mustard spinach, raw', 'Chard, swiss, raw', 'Borage, raw', 'Watercress, raw', 'Endive, raw', 'Arrowhead, raw', 'Beet greens, raw', 'Balsam-pear , pods, raw', 'Pumpkin leaves, raw', 'Vinespinach, raw', 'Dock, raw']"
usda#11209,"Eggplant, raw",eggplant,"['Eggplant, cooked, boiled', ""Jew's ear, raw"", 'Endive, raw', 'Squash, summer, crookneck and straightneck', 'Drumstick leaves, raw', 'Cowpeas, young pods with seeds, raw', 'Hyacinth-beans, immature seeds, raw', 'Drumstick pods, raw', 'Cowpeas, leafy tips, raw', 'Dock, raw']","['Eggplant, cooked, boiled', ""Jew's ear, raw"", 'Endive, raw', 'Squash, summer, crookneck and straightneck', 'Drumstick leaves, raw', 'Cowpeas, young pods with seeds, raw', 'Hyacinth-beans, immature seeds, raw', 'Drumstick pods, raw', 'Cowpeas, leafy tips, raw', 'Dock, raw']"
usda#11413,Potato flour,potato,"['Seeds, sesame flour, partially defatted', 'Rice flour, white, unenriched', 'Seeds, sesame flour, low-fat', 'Seeds, sesame flour, high-fat', 'Arrowroot flour', 'Corn flour, whole-grain, white', 'Buckwheat flour, whole-groat', 'Soy flour, low-fat', 'Carob flour', 'Rice flour, brown', 'Corn flour, whole-grain, yellow']","['Seeds, sesame flour, partially defatted', 'Rice flour, white, unenriched', 'Seeds, sesame flour, low-fat', 'Onions, dehydrated flakes', 'Seeds, sesame meal, partially defatted', 'Seeds, sesame flour, high-fat', 'Arrowroot flour', 'Potatoes, hash brown, frozen', 'Potatoes, scalloped, dry mix', 'Corn flour, whole-grain, white', 'Buckwheat flour, whole-groat', 'Soy flour, low-fat', 'Carob flour', 'Rice flour, brown', 'Corn flour, whole-grain, yellow']"
usda#11241,"Kohlrabi, raw",kohlrabi,"['Turnips, raw', 'Cabbage, raw', 'Broccoli, raw', 'Cress, garden, raw', 'Rutabagas, raw', 'Yambean, raw', 'Squash, summer, all varieties', 'Cabbage, chinese, raw', 'Squash, summer, zucchini', 'Tomatoes, red, ripe', 'Mustard greens, raw', 'Tomatoes, green, raw', 'Brussels sprouts, raw', 'Cabbage, red, raw', 'Peppers, sweet, green']","['Turnips, raw', 'Cabbage, raw', 'Broccoli, raw', 'Cress, garden, raw', 'Rutabagas, raw', 'Yambean, raw', 'Squash, summer, all varieties', 'Cabbage, chinese, raw', 'Squash, summer, zucchini', 'Tomatoes, red, ripe', 'Mustard greens, raw', 'Tomatoes, green, raw', 'Brussels sprouts, raw', 'Cabbage, red, raw', 'Peppers, sweet, green']"
usda#01102,"Milk, chocolate, fluid",chocolate,"['Milk, chocolate, lowfat', 'Milk, dry, whole', 'Milk, whole, 3.25% milkfat']","['Eggnog', 'Milk, chocolate, lowfat', 'Milk, dry, whole', 'Milk, whole, 3.25% milkfat']"
usda#15163,"Mollusks, cuttlefish, mixed species",cuttlefish,"['Mollusks, abalone, mixed species', 'Fish, cusk, raw', 'Mollusks, oyster, Pacific', 'Fish, rockfish, Pacific', 'Fish, pike, northern', 'Fish, mahimahi, raw', 'Crustaceans, shrimp, mixed species', 'Fish, shark, mixed species', 'Mollusks, whelk, unspecified', 'Fish, salmon, coho', 'Fish, eel, mixed species', 'Crustaceans, crab, dungeness', 'Fish, pompano, florida', 'Fish, roughy, orange', 'Fish, perch, mixed species', 'Fish, flatfish , raw', 'Fish, bass, fresh water', 'Fish, mackerel, Pacific and jack', 'Fish, cisco, raw', 'Fish, salmon, chum']","['Mollusks, abalone, mixed species', 'Fish, cusk, raw', 'Mollusks, oyster, Pacific', 'Fish, rockfish, Pacific', 'Fish, pike, northern', 'Fish, mahimahi, raw', 'Crustaceans, shrimp, mixed species', 'Fish, shark, mixed species', 'Mollusks, whelk, unspecified', 'Fish, salmon, coho', 'Fish, eel, mixed species', 'Crustaceans, crab, dungeness', 'Fish, pompano, florida', 'Fish, roughy, orange', 'Fish, perch, mixed species', 'Fish, flatfish , raw', 'Fish, bass, fresh water', 'Fish, mackerel, Pacific and jack', 'Fish, cisco, raw', 'Fish, salmon, chum']"
usda#11250,"Lettuce, butterhead , raw",lettuce,"['Cabbage, common (danish, domestic)', 'Lettuce, iceberg, raw', 'Lettuce, green leaf, raw', 'Lettuce, cos or romaine, raw', 'Brussels sprouts, frozen, unprepared', 'Cabbage, savoy, raw', 'Water convolvulus, raw', 'Celtuce, raw', 'Cardoon, raw', 'Brussels sprouts, frozen, cooked', 'Collards, raw', 'Broccoli, flower clusters, raw', 'Celery, raw', 'Butterbur, raw']","['Cabbage, common (danish, domestic', 'Lettuce, iceberg, raw', 'Lettuce, green leaf, raw', 'Lettuce, cos or romaine, raw', 'Brussels sprouts, frozen, unprepared', 'Cabbage, savoy, raw', 'Water convolvulus, raw', 'Celtuce, raw', 'Cardoon, raw', 'Brussels sprouts, frozen, cooked', 'Collards, raw', 'Broccoli, flower clusters, raw', 'Celery, raw', 'Broadbeans, immature seeds, raw', 'Butterbur, raw']"
usda#11026,"Bamboo shoots, raw",bamboo shoots,"['Taro shoots, raw', 'Pokeberry shoots, raw', 'Balsam-pear, pods, raw', 'Bamboo shoots, canned, drained solids', 'Bamboo shoots, cooked, boiled', 'Arrowhead, raw', 'Artichokes, raw', 'Asparagus, canned, drained solids', 'Taro, raw', 'Asparagus, frozen, unprepared']","['Taro shoots, raw', 'Pokeberry shoots, raw', 'Balsam-pear , pods, raw', 'Bamboo shoots, canned, drained solids', 'Bamboo shoots, cooked, boiled', 'Pumpkin flowers, raw', 'Arrowhead, raw', 'Artichokes, raw', 'Asparagus, canned, drained solids', 'Taro, raw', 'Asparagus, frozen, unprepared', 'Amaranth leaves, raw', 'Balsam-pear, leafy tips, raw', 'Potatoes, flesh and skin, raw', 'Seaweed, agar, raw']"
usda#11135,"Cauliflower, raw",cauliflower,"['Onions, spring or scallions, raw', 'Brussels sprouts, raw', 'Broccoli, raw', 'Beets, raw', 'Tomatoes, red, ripe', 'Squash, summer, all varieties', 'Cabbage, red, raw', 'Peppers, sweet, red', 'Cress, garden, raw', 'Sesbania flower, raw', 'Cabbage, chinese, raw', 'Cabbage, raw', 'Kohlrabi, raw', 'Squash, summer, zucchini']","['Onions, spring or scallions, raw', 'Brussels sprouts, raw', 'Broccoli, raw', 'Beets, raw', 'Tomatoes, red, ripe', 'Squash, summer, all varieties', 'Cabbage, red, raw', 'Peppers, sweet, red', 'Cress, garden, raw', 'Sesbania flower, raw', 'Cabbage, chinese, raw', 'Cabbage, raw', 'Kohlrabi, raw', 'Squash, summer, zucchini']"
usda#11591,"Watercress, raw",watercress,"['Vinespinach, raw', 'Winged bean leaves, raw', 'Turnip greens, raw', 'Chicory, witloof, raw', 'Borage, raw', 'Amaranth leaves, raw', 'Taro leaves, raw', 'Sweet potato leaves, raw', 'Spinach, raw', 'Chard, swiss, raw', 'Dock, raw', 'Waxgourd, raw', 'Collards, raw', 'Mustard spinach, raw', 'Beet greens, raw', 'Chicory greens, raw', 'Broccoli, leaves, raw', 'Endive, raw', 'Jute, potherb, raw']","['Vinespinach, raw', 'Winged bean leaves, raw', 'Turnip greens, raw', 'Chicory, witloof, raw', 'Borage, raw', 'Amaranth leaves, raw', 'Taro leaves, raw', 'Sweet potato leaves, raw', 'Spinach, raw', 'Chard, swiss, raw', 'Dock, raw', 'Waxgourd, raw', 'Collards, raw', 'Mustard spinach, raw', 'Beet greens, raw', 'Chicory greens, raw', 'Broccoli, leaves, raw', 'Endive, raw', 'Jute, potherb, raw']"
usda#11134,"Cassava, raw",cassava,"['Burdock root, raw', 'Celeriac, raw', 'Chicory roots, raw', 'Waterchestnuts, chinese', 'Potatoes, flesh and skin, raw', 'Radishes, oriental, raw', 'Taro, raw', 'Mountain yam, hawaii, raw', 'Chayote, fruit, raw', 'Arrowhead, raw', 'Parsnips, raw', 'Sweet potato, raw, unprepared ', 'Yam, raw', 'Salsify, raw', 'Lotus root, raw', 'Radishes, white icicle, raw', 'Onions, raw', 'Shallots, raw', 'Chicory greens, raw', 'Onions, welsh, raw']","['Burdock root, raw', 'Celeriac, raw', 'Chicory roots, raw', 'Waterchestnuts, chinese, ', 'Potatoes, flesh and skin, raw', 'Radishes, oriental, raw', 'Taro, raw', 'Mountain yam, hawaii, raw', 'Chayote, fruit, raw', 'Arrowhead, raw', 'Parsnips, raw', 'Sweet potato, raw, unprepared ', 'Yam, raw', 'Salsify, raw', 'Lotus root, raw', 'Radishes, white icicle, raw', 'Onions, raw', 'Shallots, raw', 'Chicory greens, raw', 'Onions, welsh, raw']"
usda#09442,"Pomegranate juice, bottled",pomegranate,[],"['Papaya nectar, canned', 'Peaches, canned, light syrup pack', 'Pears, canned, light syrup pack', 'Pears, canned, juice pack', 'Peach nectar, canned, with sucralose', 'Pears, canned, heavy syrup', 'Plums, canned, purple', 'Cranberries, dried, sweetened ', 'Blueberries, dried, sweetened', 'Applesauce, canned, unsweetened']"
usda#15045,"Fish, lingcod, raw",lingcod,"['Fish, ling, raw', 'Fish, mackerel, king', 'Fish, milkfish, raw', 'Fish, cod, Pacific', 'Fish, mackerel, Pacific and jack', 'Fish, roughy, orange', 'Fish, grouper, mixed species', 'Fish, rockfish, Pacific', 'Fish, pout, ocean', 'Fish, monkfish, raw', 'Fish, halibut, Greenland', 'Fish, bass, fresh water', 'Fish, pike, northern', 'Fish, haddock, raw', 'Fish, shark, mixed species', 'Fish, wolffish, Atlantic', 'Fish, catfish, channel', 'Fish, smelt, rainbow', 'Fish, herring, Pacific', 'Fish, drum, freshwater']","['Fish, ling, raw', 'Fish, mackerel, king', 'Fish, milkfish, raw', 'Fish, cod, Pacific', 'Fish, mackerel, Pacific and jack', 'Fish, roughy, orange', 'Fish, grouper, mixed species', 'Fish, rockfish, Pacific', 'Fish, pout, ocean', 'Fish, monkfish, raw', 'Fish, halibut, Greenland', 'Fish, bass, fresh water', 'Fish, pike, northern', 'Fish, haddock, raw', 'Fish, shark, mixed species', 'Fish, wolffish, Atlantic', 'Fish, catfish, channel', 'Fish, smelt, rainbow', 'Fish, herring, Pacific', 'Fish, drum, freshwater']"
usda#15139,"Crustaceans, crab, blue",crab,"['Crustaceans, crab, alaska king', 'Crustaceans, lobster, northern', 'Crustaceans, spiny lobster, mixed species', 'Crustaceans, crab, dungeness', 'Crustaceans, crab, queen', 'Fish, bluefish, raw', 'Fish, tuna, fresh', 'Fish, burbot, raw', 'Fish, butterfish, raw', 'Fish, ocean perch, Atlantic', 'Fish, mackerel, Pacific and jack', 'Crustaceans, crayfish, mixed species', 'Fish, mackerel, Atlantic', 'Fish, catfish, channel', 'Mollusks, cuttlefish, mixed species', 'Fish, carp, raw', 'Fish, cod, Atlantic']","['Crustaceans, crab, alaska king', 'Crustaceans, lobster, northern', 'Crustaceans, spiny lobster, mixed species', 'Crustaceans, crab, dungeness', 'Crustaceans, crab, queen', 'Fish, bluefish, raw', 'Fish, tuna, fresh', 'Fish, burbot, raw', 'Fish, butterfish, raw', 'Fish, ocean perch, Atlantic', 'Fish, mackerel, Pacific and jack', 'Crustaceans, crayfish, mixed species', 'Fish, mackerel, Atlantic', 'Fish, catfish, channel', 'Mollusks, cuttlefish, mixed species', 'Fish, carp, raw', 'Fish, cod, Atlantic']"
usda#09152,"Lemon juice, raw",lemon,"['Lemon juice from concentrate, canned or bottled']","['Lemon juice from concentrate, canned or bottled', 'Lemons, raw, without peel', 'Cauliflower, green, raw', 'Currants, red and white, raw', 'Grapefruit, raw, pink and red and white', 'Papayas, raw']"
usda#15110,"Fish, swordfish, raw",swordfish,"['Fish, spot, raw', 'Fish, tilefish, raw', 'Fish, bass, striped', 'Fish, swordfish, cooked', 'Fish, mackerel, spanish', 'Fish, mullet, striped', 'Fish, trout, mixed species', 'Fish, sturgeon, mixed species', 'Fish, pike, northern', 'Fish, snapper, mixed species', 'Fish, sheepshead, raw', 'Fish, shark, mixed species', 'Fish, flatfish , raw', 'Fish, sea bass, mixed species', 'Fish, whiting, mixed species', 'Fish, roughy, orange', 'Fish, sheepshead, cooked']","['Fish, spot, raw', 'Fish, tilefish, raw', 'Fish, bass, striped', 'Fish, swordfish, cooked', 'Fish, mackerel, spanish', 'Fish, mullet, striped', 'Fish, trout, mixed species', 'Fish, sturgeon, mixed species', 'Fish, pike, northern', 'Fish, snapper, mixed species', 'Fish, sheepshead, raw', 'Fish, shark, mixed species', 'Fish, flatfish , raw', 'Fish, sea bass, mixed species', 'Fish, whiting, mixed species', 'Fish, roughy, orange', 'Fish, sheepshead, cooked']"
usda#11568,"Turnip greens, raw",turnip,"['Turnip greens, frozen, unprepared', 'Watercress, raw', 'Chicory greens, raw', 'Collards, raw', 'Vinespinach, raw', 'Taro leaves, raw', 'Sweet potato leaves, raw', 'Winged bean leaves, raw', 'Beet greens, raw', 'Chicory, witloof, raw', 'Jute, potherb, raw', 'Pumpkin leaves, raw', 'Spinach, raw', 'Celtuce, raw', 'Onions, welsh, raw', 'Cowpeas, leafy tips, raw', 'Seaweed, wakame, raw']","['Turnip greens, frozen, unprepared', 'Watercress, raw', 'Chicory greens, raw', 'Collards, raw', 'Vinespinach, raw', 'Taro leaves, raw', 'Sweet potato leaves, raw', 'Winged bean leaves, raw', 'Beet greens, raw', 'Chicory, witloof, raw', 'Jute, potherb, raw', 'Pumpkin leaves, raw', 'Spinach, raw', 'Celtuce, raw', 'Onions, welsh, raw', 'Cowpeas, leafy tips, raw', 'Seaweed, wakame, raw']"